Item ID,Item Image Name,Image References,Category,Sub-Category,Brand,Color (Primary),Color (Secondary),Pattern,Fit,Rise,Length,Silhouette,Neckline,Drape Notes,Fit Source,Fabric,Weight,Stretch,Breathability,Surface Texture,Formality (1-5),Vibe Tags,Occasion Tags,Layering Position,Season,Max Comfortable Temp (C),Condition,Wear Frequency Estimate,Color Temperature,Skin Tone Interaction,Skin Tone Caution Flag,Contrast Level,Versatility Score (1-5),Role in Outfit,Volume/Visual Weight,Shoe Type,Sole Profile,Aesthetic Range,Top Compatibility Note,Client notes,Status
BOT-01,WhatsApp Image 2026-05-17 at 8.44.50 PM (2).jpeg,Img 8 (flat),Trousers,Wide-leg pleated trousers,Unidentified,Warm khaki / sand / light tan,—,Solid,Wide / relaxed,Mid-high (pleated waist visible),Full length,"Wide-leg, drapes loose through leg",,Double-forward pleats at the waist create significant volume through the hip and thigh before tapering slightly toward the ankle. Fabric is a smooth suiting-weight material with excellent drape — falls cleanly and fluidly from the waist. Breaks lightly at the shoe with a full-length hem. The black belt anchors the high waist well. The silhouette reads structured and intentional — classic Italian/European trouser territory.,Flat lay only,"Likely polyester-viscose blend or tencel (smooth, drapes)",Mid,Slight,Medium,"Smooth, slight sheen",3-4,"cosmopolitan, designer-dev, editorial, Scandi, minimal, clean","office, date night (upscale), restaurant, brunch, party",,All-season,32,New,Regular,Warm,CAUTION - light khaki/tan sits close to skin tone; risks blending below the waist,YES,Low,3,Supporting,Medium (wide silhouette adds visual weight),,,,,,
BOT-02,WhatsApp Image 2026-05-17 at 8.44.50 PM (3).jpeg,Img 9 (flat - tags on),Trousers,Wide-leg pleated trousers,Unidentified (visible hangtag - text not legible in photo),Light grey / silver-grey,—,Solid (subtle woven texture),Wide / relaxed,Mid-high,Full length,Wide-leg,,<FILL FROM OTHER SOURCES>,Flat lay only,Likely wool-poly suiting blend or technical poly,Mid,Slight,Medium,"Smooth woven, slight texture",3-4,"cosmopolitan, designer-dev, editorial, minimal, clean","office, date night (upscale), restaurant, brunch",,All-season,30,New,New - pending first wear,Neutral / cool-leaning,Excellent - cool grey contrasts well with warm skin,No,Medium,4,Supporting,Medium,,,,,Slightly heavy for summers,
BOT-04,WhatsApp Image 2026-05-18 at 12.13.09 AM.jpeg | WhatsApp Image 2026-05-18 at 12.13.10 AM.jpeg,,Trousers,Wide-leg pleated trousers,Unidentified,Dark navy (reads near-black in flat lay due to lighting; clearly navy in worn shots),—,Solid,"Wide / relaxed - confirmed from worn photo: sits clean at waist, falls full through leg",Mid to mid-high,Full length (hem breaks at the ankle in worn shot),"Wide-leg, drapes full",,Fabric drapes cleanly from the pleated waist; falls full and slightly loose through the thigh and knee; hem breaks at the ankle without stacking. Side profile shows clean drape without billowing.,"WORN PHOTO (Img 19 front, Img 20 side) - ground truth","Likely poly-viscose blend or technical suiting fabric (smooth, drapes well)",Mid,Slight,Medium,"Smooth, slight sheen",3-4,"cosmopolitan, designer-dev, editorial, minimal, clean","office, date night (upscale), restaurant, brunch, party",,All-season,30,New,Regular,Cool (navy),Excellent - dark navy contrasts well with warm Indian skin,No,High,4,Supporting (but the wide silhouette is itself a style statement),Medium-high (wide silhouette has visual weight),,,,,Flexible material and very ligth weight,
BOT-05,WhatsApp Image 2026-05-17 at 9.08.12 PM.jpeg,Img 14 (flat),Shorts,Distressed denim shorts,Unidentified,Charcoal / faded black denim,—,Solid with intentional distressing (rips at the front thighs),Regular (flat-lay reading),Mid,At-knee / just-above-knee,Straight,," Gray distressed denim shorts
Sits at the natural waist with a relaxed, slightly loose fit through the seat and thighs. The hem falls just above the knee with a raw, frayed cut. Fabric is stiff denim with minimal drape — holds its shape rather than falling. The distressing adds visual texture and bulk to the front panels. Waistband appears flat and structured.",Flat lay only,Cotton denim,Mid-heavy,No or slight,Low-medium,Denim weave with distressing,1-2,"street, grunge, metalhead, rugged, surf, casual","casual hangout, boys night, concert, beach/Goa, party (casual)",,"Summer, monsoon",38,Distressed - by design (intentional rips); some additional natural wear may be present,Occasional to regular,Neutral (charcoal),"Good - neutral dark, contrasts with warm skin",No,High,2,Star (distressing carries visual weight),High (rips draw the eye),,,,,"Never worn, not sure on what combo goes with it ",
BOT-06,WhatsApp Image 2026-05-17 at 9.08.13 PM.jpeg | WhatsApp Image 2026-05-18 at 12.15.12 AM.jpeg | WhatsApp Image 2026-05-18 at 12.15.13 AM.jpeg | WhatsApp Image 2026-05-18 at 12.15.15 AM (1).jpeg | WhatsApp Image 2026-05-18 at 12.15.15 AM.jpeg | WhatsApp Image 2026-05-18 at 12.15.16 AM.jpeg,"Img 15 (flat) | Img 74 (worn full-length) | Img 75 (worn front/angled) | Img 76 (worn waist-down close-up) | Img 77 (worn full-length, alt top) | Img 78 (worn full-length, alt top angle)",Shorts,Linen-look chino shorts,Possibly Jack & Jones / Selected (partial brand text visible on label - '& Jones' fragment readable),Warm beige / sand / light tan,—,Solid (subtle linen-look weave),Regular (label reads 'REGULAR'),Mid,At-knee,Straight,,"Beige chino shorts
Clean, mid-rise fit with a structured waistband. Fabric has a linen-like texture that drapes softly but retains some body. Sits slightly loose through the seat and thighs with a hem falling just above the knee. Minimal creasing at the rise suggests a good seat fit. Overall silhouette is relaxed without being baggy.",Flat lay only,Cotton-linen blend (subtle slubby texture),Light-mid,No,High,Slubby (linen-look),2-3,"coastal, earthy, preppy, clean, designer-dev, Goa/hippie","brunch, casual hangout, beach/Goa, restaurant (casual), travel day, date night (casual)",,"Summer, monsoon",38,Good,Regular,Warm,CAUTION - warm beige/sand sits close to skin tone; less risky below the waist than a top but still flagged,YES,Low,3,Supporting,Low-medium,,,,,"Under worn, probably because it makes my top part look wider and the bottom narrow, maybe it should be wider at the bottom",Give Away/Back of the closet
BOT-07,WhatsApp Image 2026-05-17 at 9.08.14 PM.jpeg,Img 16 (flat),Shorts,Faded denim / chambray shorts,Fabindia (label clearly visible),Faded blue-grey / chambray,—,"Solid (faded denim texture, no patterning)",Regular (flat-lay reading),Mid,At-knee,Straight,,"mid-rise, relaxed through the thigh, hem just above the knee. Slightly more volume through the seat and thigh compared to Image 2. The rolled hem adds a deliberate cuff detail. Fabric has a soft cotton drape with moderate structure. Sits slightly fuller in the thigh, suggesting these may run a touch larger.",Flat lay only,Chambray or lightweight denim,Mid,No,Medium,Chambray weave,2-3,"coastal, earthy, preppy, casual, Goa/hippie, artisan","brunch, casual hangout, beach/Goa, restaurant (casual), travel day",,"Summer, monsoon",36,Worn / faded (could be stylistic wash or genuine wear - hard to distinguish),Regular,Cool (chambray reads cool),Good - chambray blue contrasts with warm Indian skin,No,Medium,4,Supporting,Low-medium,,,,,Faded to some degree and under worn; not sure if I should retire or keep,Give Away/Back of the closet
BOT-08,WhatsApp Image 2026-05-18 at 12.13.06 AM.jpeg | WhatsApp Image 2026-05-18 at 12.13.07 AM.jpeg,"Img 17 (worn front), Img 18 (worn side)",Jeans,"Black denim jeans, straight cut",Unidentified (small leather patch visible at back-right waist - logo not legible in photo),Dark black / near-black denim (subtle thigh fading visible),—,Solid (subtle denim fade),"Regular / straight - WORN photo confirms: sits at mid-rise, hangs cleanly from the hip without bunching",Mid,"Full length, hem just touches the foot",Straight (slight slouch through thigh),,Front view shows clean drape from hip down without pinching; side profile confirms straight cut with no taper through the calf; hem rests on the foot without stacking. Sits well on the athletic frame.,"WORN PHOTO (Img 17 front, Img 18 side) - ground truth",Cotton denim,Heavy,Cannot confirm,Low,Denim weave,2,"street, rugged, metalhead, grunge, cosmopolitan, designer-dev","casual hangout, boys night, concert, party, travel day, date night (casual)",,"Winter, monsoon, all-season for cool weather",28,Good (light fading consistent with regular wear),Regular,Neutral,"Good - neutral dark base, doesn't compete with skin",No,High,4,Supporting,Low-medium,,,,,Seems quite faded after repeated wear; not sure if I should keep + get a new one or discard + get a new one,Give Away/Back of the closet
BOT-09,WhatsApp Image 2026-05-18 at 12.13.12 AM.jpeg,Img 21 (worn),Jeans,Regular-fit medium-wash denim,Unidentified,Medium blue / mid-wash,—,Solid,Regular / straight,Mid-rise,Full length,Straight,,Sits at mid-rise; drapes cleanly from hip. Minimal taper through thigh and knee. Hem breaks at the foot.,Worn photo (Img 21),"Cotton denim, heavyweight",Heavy,No,Low,Denim weave,2,"street, casual, cosmopolitan, designer-dev","casual hangout, boys night, travel day, date night (casual)",,"Winter, monsoon, all-season for cool weather",28,Good (light fading consistent with regular wear),Regular,Neutral,Good - neutral medium blue contrasts with warm skin,No,Medium-high,4,Supporting,Low-medium,,,,,"Heavy pair of jeans, cant be worn on very hot days",
BOT-10,WhatsApp Image 2026-05-18 at 12.13.13 AM.jpeg | WhatsApp Image 2026-05-18 at 12.16.25 AM (1).jpeg,Img 22 (worn front) | Img 90 (worn full-length) — TENTATIVE; bottom identification ambiguous,Trousers,Wide-leg trousers,Unidentified,Black ,—,Solid,Wide / relaxed,Mid-rise,Full length,Wide-leg,,Falls full and loose through thigh and knee without billowing. Hem breaks at ankle cleanly.,"Worn photo (Img 22, 23)",Likely poly-viscose blend (smooth fabric),Mid,Slight,Medium,"Smooth, slight sheen",3,"cosmopolitan, designer-dev, minimal, clean","office, date night (upscale), restaurant",,All-season,30,Good,Regular,Cool,Excellent - black contrasts well with warm skin,No,High,4,Supporting,Medium-high,,,,,,
BOT-11,WhatsApp Image 2026-05-18 at 12.13.15 AM.jpeg | WhatsApp Image 2026-05-18 at 12.16.17 AM.jpeg | WhatsApp Image 2026-05-18 at 12.16.18 AM (1).jpeg | WhatsApp Image 2026-05-18 at 12.16.18 AM.jpeg | WhatsApp Image 2026-05-18 at 12.16.19 AM (1).jpeg | WhatsApp Image 2026-05-18 at 12.16.19 AM.jpeg | WhatsApp Image 2026-05-18 at 12.16.20 AM (1).jpeg | WhatsApp Image 2026-05-18 at 12.16.21 AM (1).jpeg,"Img 25 (worn side) | Img 83 (worn full-length) | Img 84 (worn full-length, alt angle) | Img 85 (worn waist-up) | Img 86 (worn full-length) | Img 87 (worn full-length) | Img 88 (worn waist-up) | Img 89 (worn partial — bottom visible below TOP-22)",Trousers,Wide-leg pleated trousers,Unidentified,Olive green / warm tan,—,Solid,"Wide / relaxed, pleated front",Mid-high,Full length,Wide-leg,,Pleated waist; worn photos show clean drape from mid-high rise through full leg. Hem breaks at ankle.,Worn photo (Img 24-26),"Likely poly-viscose or tencel (smooth, drapes well)",Mid,Slight,Medium,"Smooth, slight sheen",3-4,"cosmopolitan, designer-dev, editorial, minimal","office, date night (upscale), restaurant, brunch",,All-season,32,Good,Regular,Warm,CAUTION - olive-tan close to warm skin tone; risk of blending,YES,Low-medium,3,Supporting,Medium-high,,,,,,
BOT-13,WhatsApp Image 2026-05-18 at 12.13.17 AM.jpeg | WhatsApp Image 2026-05-18 at 12.13.17 AM (1).jpeg | WhatsApp Image 2026-05-18 at 12.13.17 AM (2).jpeg | WhatsApp Image 2026-05-18 at 12.13.18 AM.jpeg,Img 30 (worn) | Img 31 (worn) | Img 32 (worn) | Img 33 (flat),Trousers,Plaid trousers,Unidentified,Cream / light beige,Grey (plaid pattern),Plaid,Regular / relaxed,Mid-rise,Full length,Regular / straight,,Relaxed drape through thigh and knee. Hem breaks at the foot.,Worn photo (Img 30-32),Likely linen or linen-cotton blend (visible texture),Light-mid,No,High (linen),Textured / slubby,2-3,"earthy, artisan, designer-dev, coastal","brunch, casual hangout, restaurant (casual), beach/Goa, travel day",,"Summer, monsoon, all-season warm",38,Good,Regular,Warm,CAUTION - light cream/beige close to skin tone; risk of blending,YES,Low-medium,3,Supporting,Low-medium,,,,,Never worn; cant create an outfit with this one,
SHO-01,WhatsApp Image 2026-05-18 at 12.17.06 AM.jpeg | WhatsApp Image 2026-05-18 at 12.17.08 AM.jpeg,Img 50 (flat top-down) | Img 51 (flat side),Shoes,Canvas high-top sneakers,Gully Labs,Cream / off-white,—,Solid,,,,High-top,,"Canvas construction; clean, minimal aesthetic. Good for casual hangouts and street looks.","Flat lay (Img {img_num}, {img_num+1})",Canvas cotton,Light,No,Medium-high,Smooth / woven canvas,1-2,"street, casual, minimal, cosmopolitan","casual hangout, boys night, concert, travel day, beach/Goa",,All-season,35,Worn (creasing visible; appears to be frequently used),Regular,Cool,Good - cream contrasts subtly with skin; clean white pops,No,Medium,4,Star (versatile baseline shoe),Low,High-top canvas sneaker,Flexible rubber,"Casual, street, minimal, cosmopolitan",Works with most casual outfits,,
SHO-02,WhatsApp Image 2026-05-18 at 12.17.09 AM.jpeg | WhatsApp Image 2026-05-18 at 12.17.08 AM (1).jpeg | WhatsApp Image 2026-05-18 at 12.17.09 AM (1).jpeg,Img 52 (flat back view) | Img 119 (flat top-down) | Img 120 (flat top-down alt),Shoes,Color-block low-top sneakers,Comet (visible on heel),Brown / tan,"White / cream (color-block panels), Olive / khaki (mudguard + collar lining)",Solid with color-blocking,,,,Low-top,,Suede/nubuck and canvas color-block; relaxed athletic aesthetic. Fits well with casual and street looks.,Flat lay (Img {img_num}),Suede/nubuck + canvas (color-blocked),Light-mid,No,Medium,Suede + canvas weave,2,"street, casual, designer-dev, rugged","casual hangout, boys night, concert, brunch",,"All-season, warmer months",32,Worn (creasing on suede; appears well-used),Regular,Warm (tan) + cool (white),Good - tan and white contrast provides visual interest without clashing with warm skin,No,Medium-high,3,Star (color-blocking carries outfit identity),Low-medium,Low-top canvas/suede sneaker,Flexible rubber,"Casual, street, warm-weather",Pairs well with casual shorts and tees,,
SHO-03,WhatsApp Image 2026-05-18 at 12.17.07 AM.jpeg,Img 53 (flat held in hand),Shoes,Slippers / house shoes,Unidentified (partial branding visible but not legible),Cream / warm beige,—,Solid,,,,Slip-on / open-back,,"Soft, comfortable slippers. Worn around the house or for quick outdoor trips. Not suitable for formal outings or detailed styling.",Flat lay (Img {img_num}),Likely cotton or canvas blend with soft lining,Light,,High,Soft / cushioned,0,"casual, minimal","home, casual hangout",,All-season,Any,Good (appears well-used but comfortable),Frequent (home wear),Warm,Cream blends subtly with warm skin; not a styling focus piece,No,Low,1,Not a wardrobe star (home wear only),Low,Slip-on slipper,Soft sole,"Casual, comfort, home",Not for outfits; home wear only,,
SHO-04,WhatsApp Image 2026-05-18 at 12.17.10 AM (1).jpeg,Img 121 (flat top-down),Shoes,Low-top sneakers,Nike (Air Force 1),Black (all-black),—,Solid,,,,Low-top,,"Classic AF1 silhouette — chunky sole, leather upper, perforated toe box. All-black colorway reads sleek and versatile.",Flat lay (Img 121),Full-grain leather upper,Mid-heavy,No,Low (leather),Smooth leather with perforated toe box,2-3,"street, cosmopolitan, minimal, clean, designer-dev","casual hangout, boys night, date night (casual), party, office (casual), concert",,All-season,32,Worn (visible creasing on leather; some wear on sole edges — well-used but structurally sound),Regular,Neutral,Excellent — all-black is a universally flattering anchor; provides strong contrast against light brown skin from the ground up,No,High,5,Supporting (versatile baseline shoe that grounds any outfit),Medium (chunky AF1 sole adds some visual weight),Low-top leather sneaker,Chunky rubber (Air unit),"Street, casual, smart-casual, cosmopolitan","Works with virtually everything — jeans, chinos, wide-leg trousers, shorts. The all-black reads dressier than white sneakers.",,
SHO-05,WhatsApp Image 2026-05-18 at 12.17.10 AM.jpeg,Img 122 (flat top-down),Shoes,Slide sandals (dual-buckle),Unidentified (Birkenstock Arizona style — embossed markings on footbed may confirm brand upon physical inspection),Black (all-black),—,Solid,,,,Open-toe slide,,Classic dual-buckle slide sandal with molded contoured footbed. Two wide adjustable straps across the forefoot. All-black colorway reads clean and minimal.,Flat lay (Img 122),Synthetic or leather upper straps; EVA or rubber molded footbed and sole,Light,No,"High (open-toe, open-back)",Smooth straps with matte finish; textured footbed,1-2,"minimal, clean, coastal, casual, Goa/hippie, street","casual hangout, beach/Goa, brunch, home, travel day, boys night (casual)",,"Summer, monsoon, all-season warm",Any (open footwear),Good (appears lightly worn; footbed shows some use but straps and sole are in good shape),Regular (warm weather),Neutral,Good — all-black is universally neutral; does not compete with skin tone from ground level,No,High (against lighter skin at ankle/foot),4,Supporting (casual anchor that grounds warm-weather outfits),Low (minimal footwear),Dual-buckle slide sandal,Flat molded (contoured footbed),"Casual, coastal, minimal, resort, street","Works with shorts, linen trousers, casual wide-leg pants. Not suitable for office or formal occasions. Pairs naturally with the relaxed/coastal pieces in the wardrobe (TOP-06, TOP-10, TOP-20, TOP-22).",,
TOP-01,WhatsApp Image 2026-05-17 at 8.44.43 PM.jpeg,Img 1 (flat),T-Shirt,Crew neck T-shirt,Possibly Calvin Klein (faint chest text - not fully legible),Bright white,—,Solid,Relaxed (worn photos confirm — sits slightly loose on athletic frame without billowing),,Short-sleeve,Relaxed,Crew,"Worn photos show relaxed drape; hem sits at hip level; comfortable fit for an athletic 6'0"" frame in size XL","Worn photo (Img 106-107, 109) - ground truth",Cotton jersey,Mid,Slight,High,"Smooth, soft-washed",2,"clean, minimal, street, cosmopolitan, designer-dev","casual hangout, boys night, brunch, travel day, date night (casual)",Base,All-season,35,Good (slight creasing; faint mid-chest mark visible - possible stain or shadow),Regular,Cool/neutral,Bright white pops well against light brown skin - strong contrast,No,High,5,Supporting,Low,,,,,,
TOP-02,WhatsApp Image 2026-05-17 at 8.44.49 PM (1).jpeg | WhatsApp Image 2026-05-18 at 12.16.27 AM.jpeg | WhatsApp Image 2026-05-18 at 12.16.28 AM (1).jpeg | WhatsApp Image 2026-05-18 at 12.16.28 AM.jpeg,Img 2 (flat - folded/crumpled) | Img 95 (worn close-up) | Img 96 (worn full-length) | Img 98 (worn 3/4 body),Shirt,Printed mandarin-collar shirt (camp collar variant with mandarin neckline confirmed from worn photos),JodiLife,Deep indigo / navy,"Cream/ivory, red-pink, olive green",Tropical/animal print (tigers + foliage + floral motifs),Relaxed (confirmed from worn photos - sits comfortably on athletic frame with sleeves rolled to 3/4),,Regular (hem sits at hip),"Relaxed, slightly boxy",Mandarin / band collar,Worn photos confirm relaxed drape through torso; mandarin/band collar sits naturally. Bold print reads as statement piece.,"Worn photo (Img 95-96, 98) - ground truth",Likely viscose or cotton-rayon blend (drape and print clarity),Light-mid,No,Medium-high,Smooth,2,"Goa/hippie, coastal, maximalist, bold, surf","beach/Goa, casual hangout, party, boys night, brunch, restaurant (casual)",Base / open as outer (typical of printed shirts),"Summer, all-season for warm-climate travel",38,Cannot determine from photo (folded),Occasional,"Mixed (cool navy base, warm accents) - reads warm-leaning overall",Warm accents harmonize with warm Indian skin; navy provides contrast,No,High (bold pattern),2,Star,High,,,,,"Sometimes feels a little much for casual settings etc, need to maybe ignore that thought. Pairing footwear with this is always a challenge",
TOP-03,WhatsApp Image 2026-05-17 at 8.44.49 PM (2).jpeg | WhatsApp Image 2026-05-17 at 8.44.49 PM (3).jpeg,"Img 3 (flat), Img 4 (flat - different angle/orientation, same item)",Sweater,Open-knit mock-neck sweater,Zara,Heather grey,—,Knit texture (loose open weave),Relaxed (flat-lay reading),,Long-sleeve,"Slightly boxy on flat, drop-shoulder suspected (no worn photo)",Mock neck / high crew,"Short-sleeve crochet/chunky knit with a crew neck and a white tee underneath. The knit fabric has an open, airy weave that gives it a relaxed, slightly boxy drape — it doesn't cling but follows the torso loosely. Sleeves are slightly puffed at the shoulder and taper to the elbow, adding a subtle structured detail. Hem sits at the natural waist. The layering over the white tee peeks at the collar and hem, adding depth.
",Flat lay only,Open-knit cotton or cotton-acrylic blend,Mid,Slight (knit construction),High (open weave),"Ribbed, open-weave, textured",2-3,"earthy, artisan, Goa/hippie, coastal, designer-dev, Scandi","casual hangout, date night (casual), brunch, travel day, beach/Goa (evening)",Mid or base (can layer over a tee),"Monsoon, winter (Bangalore-calibrated); all-season for travel to cooler climates",25,Good,Regular (cool weather),Neutral (heather grey reads slightly cool),Versatile neutral - does not disappear into warm skin,No,Medium,4,Both (star when worn solo; supporting with bold bottoms),Medium-high (open-weave is visually heavy),,,,,,
TOP-04,WhatsApp Image 2026-05-17 at 8.44.49 PM (4).jpeg | WhatsApp Image 2026-05-18 at 12.16.19 AM.jpeg | WhatsApp Image 2026-05-18 at 12.16.20 AM (1).jpeg,Img 5 (flat) | Img 87 (worn full-length) — FIRST worn photo for TOP-04 | Img 88 (worn waist-up close-up),T-Shirt,Graphic acid-wash T-shirt,Unidentified (chest graphic appears nature/festival themed - 'Wild Earth' or similar),Faded navy / indigo (acid-wash),"Green, yellow (chest graphic)",Acid-wash with chest graphic,Relaxed (flat-lay reading),,Short-sleeve,"Relaxed, slightly boxy",Crew,"Classic boxy, drop-shoulder cut with significant width through the chest and torso. Fabric is a washed cotton that drapes softly and loosely — no tension anywhere. The hem falls past the natural waist and sits freely over the trouser waistband, creating a blouson effect. Drop shoulders push the sleeve seam well down the upper arm, amplifying the relaxed, streetwear silhouette. The acid-wash gives the fabric a lived-in, uneven texture rather than a flat solid.",Flat lay only,Cotton jersey,Mid,Slight,High,"Soft-washed, slightly weathered",2,"grunge, metalhead, street, rugged, Goa/hippie, surf","concert, casual hangout, boys night, beach/Goa, travel day",Base,All-season (warm climates),35,Worn appearance (intentional acid-wash; possible additional genuine wear - hard to distinguish),Occasional,Cool,Deep blue contrasts nicely with warm skin,No,Medium-high,3,Star (graphic + wash carry personality),Medium,,,,,Slightly worn; maybe a few seasons is all it would last,
TOP-07,WhatsApp Image 2026-05-17 at 8.44.50 PM (5).jpeg | WhatsApp Image 2026-05-18 at 12.13.19 AM (1).jpeg | WhatsApp Image 2026-05-18 at 12.13.19 AM (2).jpeg | WhatsApp Image 2026-05-18 at 12.13.20 AM (1).jpeg | WhatsApp Image 2026-05-18 at 12.13.20 AM (2).jpeg | WhatsApp Image 2026-05-18 at 12.13.21 AM (1).jpeg | WhatsApp Image 2026-05-18 at 12.13.21 AM (2).jpeg | WhatsApp Image 2026-05-18 at 12.13.21 AM.jpeg,Img 11 (flat) | Img 56 (worn front) | Img 57 (worn full-length) | Img 58 (worn) | Img 59 (worn) | Img 60 (worn waist-up) | Img 61 (worn back) | Img 62 (worn angle),Shirt,Mandarin collar long-sleeve shirt,JodiLife,Bright white / off-white,Indigo blue (print),Abstract dot/circle pattern arranged in diamond/geometric clusters,Relaxed (worn reading confirms flat-lay read),,Long-sleeve,Relaxed,Mandarin / band collar,Multiple worn photos show relaxed fit with clean drape; sits well on athletic frame without excessive looseness. Mandarin collar sits naturally.,Worn photo (Img 56-62) - ground truth,Lightweight cotton (poplin or cotton-linen blend),Light,No,High,Smooth,3,"artisan, designer-dev, cosmopolitan, editorial, Goa/hippie","office (creative/casual), date night (casual), restaurant, brunch, beach/Goa, party",Base / open as outer,"Summer, monsoon, all-season warm",36,Good (some natural creasing),Regular,Cool (white base + indigo print),Excellent - bright white pops against warm Indian skin,No,High,4,Star (the print carries visual interest),Medium (small-scale print keeps visual weight controlled),,,,,Slightly worn; might only survive a few more seasons ,
TOP-08,WhatsApp Image 2026-05-17 at 8.44.50 PM (6).jpeg,Img 12 (flat),Shirt,Long-sleeve button-up shirt with chest pocket,American Eagle (neck label visible),Light sky blue / chambray blue,White (pinstripe),Subtle vertical pinstripe,Relaxed (flat-lay reading),,Long-sleeve,Relaxed,Button-down collar,"Long-sleeve button-down with a soft collar, worn with sleeves rolled to mid-forearm. Linen fabric drapes naturally with characteristic relaxed creasing — no stiffness, falls away from the body without clinging. The shirt is left untucked, hem sitting at mid-hip. Fit is slightly loose through the chest and shoulders — not oversized, but not tailored either. The roll on the sleeves adds a casual, effortless detail and breaks up the solid fabric well.",Flat lay only,Linen or linen-cotton blend (visible slubby weave),Light,No,High,Slubby/textured (linen weave),3,"coastal, preppy, clean, minimal, designer-dev, safari","office, date night (casual), restaurant, brunch, beach/Goa, travel day",Base / open as outer,"Summer, monsoon, all-season warm",36,Good,Regular,Cool,Good - light blue is a flattering cool tone against warm Indian skin,No,Medium-low (light tones),4,Supporting,Low-medium,,,,,,
TOP-11,WhatsApp Image 2026-05-18 at 12.16.24 AM.jpeg | WhatsApp Image 2026-05-18 at 12.16.25 AM.jpeg | WhatsApp Image 2026-05-18 at 12.16.25 AM (1).jpeg,Img 38 (worn full-length) | Img 39 (worn close-up) | Img 90 (worn full-length) — TENTATIVE; possible separate white shirt,Shirt,Long-sleeve button-up shirt,Zara,Bright White,—,Solid,Relaxed (worn reading),,Long-sleeve,Relaxed / slightly boxy,Button-down collar with chest pocket,Relaxed fit; sits slightly loose. Good flow on athletic frame.,Worn photo (Img 38-39),Lightweight cotton or cotton-linen blend,Light-mid,No,High,Smooth weave,2-3,"minimal, clean, coastal, designer-dev","office (casual), brunch, casual hangout, beach/Goa, restaurant (casual), date night (casual)",Base / open as outer,"Summer, monsoon, all-season warm",36,Good,Regular,Warm,CAUTION - cream/off-white risks washing out in certain lighting,YES,Low,3,Supporting (pairs well with contrasting bottoms),Low-medium,,,,,,
TOP-13,WhatsApp Image 2026-05-18 at 12.16.32 AM.jpeg | WhatsApp Image 2026-05-18 at 12.16.17 AM.jpeg | WhatsApp Image 2026-05-18 at 12.16.18 AM (1).jpeg | WhatsApp Image 2026-05-18 at 12.16.18 AM.jpeg | WhatsApp Image 2026-05-18 at 12.16.19 AM (1).jpeg,"Img 41 (worn) | Img 83 (worn full-length) | Img 84 (worn full-length, alt angle) | Img 85 (worn waist-up close-up) | Img 86 (worn full-length)",T-Shirt,Crew-neck T-shirt,Unidentified,Cream / off-white,—,Solid,Relaxed (worn reading),,Short-sleeve,Relaxed,Crew,Relaxed fit; sits slightly loose without billowing.,Worn photo (Img 41),Cotton jersey,Mid,Slight,High,"Soft, smooth",1-2,"minimal, clean, designer-dev","casual hangout, brunch, travel day, date night (casual)",Base,All-season,35,Good,Regular,Warm,CAUTION - cream/off-white risks washing out in certain lighting,YES,Low,2,Supporting (needs high-contrast bottoms or layering),Low,,,,,,
TOP-20,WhatsApp Image 2026-05-18 at 12.14.54 AM.jpeg | WhatsApp Image 2026-05-18 at 12.14.56 AM.jpeg | WhatsApp Image 2026-05-18 at 12.14.58 AM.jpeg | WhatsApp Image 2026-05-18 at 12.14.59 AM.jpeg | WhatsApp Image 2026-05-18 at 12.15.01 AM.jpeg | WhatsApp Image 2026-05-18 at 12.15.11 AM.jpeg | WhatsApp Image 2026-05-18 at 12.15.12 AM.jpeg | WhatsApp Image 2026-05-18 at 12.15.13 AM.jpeg,Img 68 (worn) | Img 69 (worn) | Img 70 (worn full-length) | Img 71 (worn side) | Img 72 (worn pants detail) | Img 73 (worn chest detail) | Img 74 (worn full-length) | Img 75 (worn front/angled),Shirt,Short-sleeve button-up shirt,Unidentified,Olive green / sage green,—,Solid,Relaxed,,Short-sleeve,Relaxed,Mandarin collar / band collar,Relaxed fit; sits comfortably on athletic frame with gentle drape through torso. Mandarin collar sits naturally without pulling.,Worn photo (Img 68-73),Lightweight cotton or cotton-linen blend,Light-mid,No,High,Smooth weave,2-3,"earthy, safari, coastal, artisan, minimal, designer-dev","casual hangout, office (casual), brunch, beach/Goa, restaurant (casual), date night (casual)",Base / open as outer,"Summer, monsoon, all-season warm",36,Good,Regular,Warm,Excellent - olive harmonizes beautifully with warm Indian skin tone,No,Medium,4,Both,Medium,,,,,,
TOP-21,WhatsApp Image 2026-05-18 at 12.15.17 AM.jpeg | WhatsApp Image 2026-05-18 at 12.16.15 AM.jpeg | WhatsApp Image 2026-05-18 at 12.16.16 AM.jpeg,"Img 79 (worn torso-only) | Img 81 (worn full-length) | Img 82 (transition/held; tee held in basket, not worn)",T-Shirt,Crew-neck oversized T-shirt,Unidentified,Honey gold / warm amber,—,Solid,Relaxed / oversized,,Short-sleeve,Boxy,Crew neck,Fabric falls relaxed with no shoulder pull; slight boxy drape sits well on athletic frame without looking shapeless,"Worn photo (Img 81 torso, Img 83 full-length) — ground truth","Cotton jersey (appears mid-weight, smooth)",Mid,Slight,High,Smooth,2,"street, casual, earthy, bold","casual hangout, boys night, travel day, concert, beach/Goa",Base,"Summer, All-season",38,Good,Regular,Warm,Warm amber/honey gold aligns with warm Indian undertone — provides a vibrant sunny effect without disappearing; not a risk color (distinct from pastel yellow),No,Medium,3,Star,Medium,,,,,,
TOP-22,WhatsApp Image 2026-05-18 at 12.16.21 AM (1).jpeg | WhatsApp Image 2026-05-18 at 12.16.26 AM (1).jpeg | WhatsApp Image 2026-05-18 at 12.16.26 AM.jpeg | WhatsApp Image 2026-05-18 at 12.16.27 AM (1).jpeg,"Img 89 (worn front), Img 91 (flat lay, brand label visible) | Img 93 (worn full-length with BOT-10) | Img 94 (worn close-up)",Shirt,Short-sleeve open V-neck band-collar linen shirt (boxy/cropped cut),Zara,Cream / off-white,—,Solid,Relaxed / boxy,,Short-sleeve,Boxy,V-neck open placket (band neck / no traditional collar),Worn photo shows boxy drape across shoulders and torso; light linen fabric drapes softly with natural wrinkling; hem sits at/just above the natural waist (slightly cropped silhouette),Worn photo (Img 89) — ground truth,Linen,Light,No,High,Slubby (linen weave),2,"coastal, minimal, designer-dev, Goa/hippie, artisan, editorial","beach/Goa, brunch, casual hangout, restaurant (casual), date night (casual)",Base / open as outer,"Summer, monsoon, all-season warm",38,Good (natural linen wrinkling),Occasional,Warm,CAUTION - cream/off-white sits close to warm light brown skin tone; risks washing out in soft/warm lighting. Boxy/cropped silhouette also draws attention to the waistline.,YES,Low,3,Both,Low-medium,,,,,,
TOP-24,WhatsApp Image 2026-05-18 at 12.16.28 AM (2).jpeg | WhatsApp Image 2026-05-18 at 12.16.29 AM (1).jpeg | WhatsApp Image 2026-05-18 at 12.16.29 AM.jpeg | WhatsApp Image 2026-05-18 at 12.16.30 AM (1).jpeg,Img 97 (worn close-up) | Img 99 (worn full-length) | Img 100 (worn full-length alt angle) | Img 101 (worn close-up detail),Shirt,Printed mandarin-collar long-sleeve shirt with chest pocket,JodiLife,Cream / off-white,Olive / dark green (print),Abstract serpentine/squiggly pattern (organic dotted swirl motifs across entire garment),Relaxed (worn reading),,Long-sleeve (worn rolled to 3/4),Relaxed,Mandarin / band collar,Worn photos show relaxed drape through torso; sleeves rolled to 3/4 length. Sits comfortably on athletic frame. Hem sits at hip level.,"Worn photo (Img 97, 99, 100, 101) - ground truth",Cotton or cotton-linen blend (visible texture consistent with block-print cotton),Light-mid,No,High,Textured / block-print surface,3,"artisan, designer-dev, maximalist, bold, Goa/hippie, editorial","date night (casual), restaurant, party, brunch, office (creative/casual), beach/Goa",Base,"Summer, monsoon, all-season warm",36,Good,Regular,Warm (cream base + warm olive-green print),Olive-green accents harmonize with warm Indian skin; cream base carries slight wash-out risk but olive pattern provides visual interest and breaks monotony,No,Medium,3,Star (bold all-over print carries outfit identity),Medium-high (dense all-over pattern adds visual weight),,,,,,
TOP-25,WhatsApp Image 2026-05-18 at 12.16.30 AM.jpeg | WhatsApp Image 2026-05-18 at 12.16.31 AM (1).jpeg | WhatsApp Image 2026-05-18 at 12.16.31 AM (2).jpeg | WhatsApp Image 2026-05-18 at 12.16.33 AM.jpeg,Img 102 (worn full-length) | Img 103 (worn close-up) | Img 104 (worn close-up alt) | Img 108 (flat lay),Shirt,Printed short-sleeve button-up shirt with contrast collar/cuff trim,JodiLife,Charcoal / dark grey,"Cream/off-white (print), yellow/gold (collar and cuff trim)",Large-scale quatrefoil/clover repeat pattern (cream motifs on charcoal base),Relaxed / slightly boxy (worn reading),,Short-sleeve,Relaxed / slightly boxy,Mandarin / band collar with yellow/gold contrast piping,Worn photos show relaxed boxy fit through torso; shirt sits at hip level. The quatrefoil pattern is large-scale and bold. Yellow trim at collar and cuffs adds a pop of color.,Worn photo (Img 102-104) + flat lay (Img 108) - ground truth,Cotton or cotton-viscose blend (smooth print surface suggests screen-print or block-print on cotton),Light-mid,No,Medium-high,Smooth (printed cotton),2-3,"maximalist, bold, artisan, designer-dev, retro, Goa/hippie","party, date night (casual), boys night, brunch, restaurant (casual), beach/Goa",Base,"Summer, monsoon, all-season warm",36,Good,Regular,Neutral (charcoal base) with warm accent (yellow trim),Excellent — charcoal base provides strong contrast against warm Indian skin; cream quatrefoil motifs add visual interest; yellow trim at collar frames the face with a warm pop,No,High,3,Star (bold print + contrast trim makes this a statement piece),High (large-scale pattern + yellow trim add significant visual weight),,,,,,
TOP-26,WhatsApp Image 2026-05-18 at 12.16.35 AM (1).jpeg | WhatsApp Image 2026-05-18 at 12.16.36 AM (1).jpeg | WhatsApp Image 2026-05-18 at 12.16.37 AM (1).jpeg | WhatsApp Image 2026-05-18 at 12.16.38 AM (1).jpeg | WhatsApp Image 2026-05-18 at 12.16.39 AM (1).jpeg | WhatsApp Image 2026-05-18 at 12.16.39 AM.jpeg | WhatsApp Image 2026-05-18 at 12.16.40 AM (1).jpeg,Img 110 (worn full-length) | Img 111 (worn close-up) | Img 112 (worn buttoned close-up) | Img 113 (worn buttoned wider) | Img 114 (flat lay) | Img 115 (worn open over tee) | Img 116 (flat lay alt angle),Shirt/Shacket,Heavyweight overshirt / shacket with dual chest pockets,Unidentified,Light grey / stone,—,Solid,Relaxed / oversized (worn reading),,Long-sleeve,Boxy / oversized,Spread collar (point collar),Worn photos show oversized boxy fit; worn open as an outer layer over a white tee. Heavyweight fabric holds its shape. Sits below the hip.,Worn photo (Img 110-111) - ground truth,Heavyweight cotton twill or denim-weight cotton (visible structured weave; fabric holds shape without draping),Heavy,No,Low-medium,Smooth twill weave,3,"workwear, rugged, minimal, designer-dev, Scandi, clean","office (casual), date night (casual), brunch, restaurant, travel day, casual hangout",Outer (worn open over tee or base layer),"Monsoon, winter (Bangalore-calibrated); cooler evenings; travel to cooler climates",25,Good,Regular,Cool/neutral,Good — light grey is a versatile neutral that provides clean contrast against warm Indian skin without competing,No,Medium,4,Both (star as a layering focal point; supporting when paired with bold bottoms),High (heavyweight fabric + oversized silhouette + dual pockets add significant visual weight),,,,,,A little thick to be worn during summer days; underused
SHOE-06,WhatsApp Image 2026-05-20 at 6.27.31 PM.jpeg | WhatsApp Image 2026-05-20 at 6.27.32 PM (1).jpeg,Img 123 (flat heel view) | Img 124 (flat top view),Shoes,Low-top suede sneakers (minimalist tennis-style),Unidentified (possible 'DC' stamp on heel — see observations),Olive / pistachio green suede,—,Solid (with natural suede grain),Regular,,,"Low-top, rounded toe",,No worn photo available,Flat lay only,"Suede leather upper, white rubber/foam sole",Light-mid,No,Medium,Soft suede nap with visible scuffing and faded patches from wear,2-3,"artisan, designer-dev, coastal, earthy, minimal","casual hangout, brunch, date night (casual), travel day, casual office",,"Summer, monsoon (dry days), all-season warm",34,Worn (scuffing and color fade visible),Regular,Warm,Olive/pistachio harmonizes with warm Indian skin tone,No,Medium,3,Star (statement colorway draws the eye),Low-medium,Sneaker,Slim,Clean casual to smart casual,Pairs cleanly with cream/sand/charcoal/black bottoms; avoid pairing with olive-toned tops to prevent monochrome blending,,
BOT-14,WhatsApp Image 2026-05-20 at 6.27.32 PM.jpeg | WhatsApp Image 2026-05-20 at 6.27.33 PM.jpeg,Img 125 (worn side/back) | Img 128 (worn front),Trousers,Slim/straight-leg cotton chinos,Unidentified,Warm beige / cream / light sand,—,Solid,Regular / slim,Mid-rise,Full length,Straight with slight taper through the leg,,Worn photos show clean drape from mid-rise waistband through leg; slight taper visible at ankle; no pleating,"Worn photo (Img 125 side, Img 128 front) — ground truth","Cotton chino twill (smooth, slight body)",Mid,Slight,Medium,"Smooth twill, soft hand",3,"clean, minimal, preppy, designer-dev, coastal","office, date night (casual), restaurant, brunch, casual hangout",,"Summer, monsoon, all-season warm",34,Good,Regular,Warm,CAUTION — warm beige sits close to warm Indian skin tone; risk of blending when paired with similarly toned tops,YES,Low-medium,4,Supporting,Low-medium,,,,,,
TOP-27,WhatsApp Image 2026-05-20 at 6.27.33 PM (1).jpeg | WhatsApp Image 2026-05-20 at 6.27.34 PM (2).jpeg,"Img 126 (worn front, sleeves rolled) | Img 130 (worn front, fuller view)",Shirt,Heather grey marled flannel long-sleeve button-up with single chest pocket,Unidentified,"Heather grey (cool, marled)",White (button contrast),Marled / heather (flannel weave),Relaxed,,Long-sleeve,"Relaxed, straight through torso; hem sits at upper hip","Point collar (small, button-through)",Worn photos show relaxed-but-not-oversized drape; sleeves can be rolled (Img 126) or worn full. Soft hand; visible flannel nap.,"Worn photo (Img 126, Img 130) — ground truth",Mid-weight brushed cotton flannel (marled yarn),Mid,No,Medium,"Soft, brushed, slightly fuzzy flannel surface",2-3,"rugged, workwear, earthy, designer-dev, Scandi, clean","casual hangout, boys night, travel day, casual office, restaurant (casual), brunch",Base / open as outer,"Monsoon, winter (Bangalore); cooler days",26,Good,Regular,Cool / neutral,Heather grey is a clean neutral that contrasts well against warm Indian skin without competing,No,Medium,4,Supporting,Medium,,,,,,
TOP-28,WhatsApp Image 2026-05-20 at 6.27.33 PM (2).jpeg | WhatsApp Image 2026-05-20 at 6.27.34 PM (1).jpeg,"Img 127 (worn front) | Img 129 (worn front, alt angle)",T-Shirt,Short-sleeve graphic band tee (TOOL — fish/skeleton logo),Unidentified (band merch; likely official or unofficial TOOL merchandise),Black (with visible white speckling — distressed/acid-wash effect),White (graphic outline),Graphic (band logo + fish-skeleton illustration across chest),Relaxed / oversized,,Short-sleeve,Boxy / drop-shoulder relaxed; sleeves sit mid-bicep,Crew,Worn photos show relaxed-to-oversized fit on athletic frame; falls cleanly without clinging; hem sits at hip,"Worn photo (Img 127, Img 129) — ground truth",Cotton jersey (likely 100% cotton tee weight),Mid,Slight,Medium-high,Smooth jersey with visible white speckling (design or wash effect),1-2,"metalhead, grunge, street, rugged, bold, statement","concert, boys night, casual hangout, casual office (creative startup), travel day",Base / under open shirt or jacket,All-season (Bangalore),38,"Worn (speckled — design or actual wear, see observations)",Regular,Cool,Black is high-contrast against warm Indian skin — flattering,No,High,2,Star (band-tee graphic dominates the outfit),High,,,,,,
TOP-29,WhatsApp Image 2026-05-20 at 6.27.34 PM.jpeg | WhatsApp Image 2026-05-20 at 6.27.35 PM (1).jpeg,"Img 131 (worn front) | Img 132 (worn front, alt angle)",T-Shirt,Short-sleeve graphic band tee (A Perfect Circle — octopus + moon phases),Unidentified (band merch; likely official or unofficial A Perfect Circle merchandise),Black,Teal / cyan + gold (graphic colors),Graphic (octopus illustration + moon-phase arc + 'A Perfect Circle' arched text),Relaxed,,Short-sleeve,Relaxed straight; sleeves sit mid-bicep; not oversized,Crew,Worn photos show relaxed fit on athletic frame; falls cleanly without clinging,"Worn photo (Img 131, Img 132) — ground truth",Cotton jersey,Mid,Slight,Medium-high,Smooth jersey,1-2,"metalhead, grunge, street, bold, statement","concert, boys night, casual hangout, casual office (creative startup), travel day",Base / under open shirt or jacket,All-season (Bangalore),38,Good,Regular,Cool,Black is high-contrast against warm Indian skin — flattering; teal/gold graphic adds visual interest without color conflict against skin,No,High,2,Star (band-tee graphic is the focal point),High,,,,,,
TOP-30,WhatsApp Image 2026-05-20 at 6.27.35 PM.jpeg,Img 133 (worn front),T-Shirt,Short-sleeve graphic band tee (Megadeth — Vic Rattlehead skull figure),Unidentified (band merch),Black (faded),Cream / red / green (graphic colors),Graphic (Megadeth logo + skull/figure illustration centered on chest),Relaxed / oversized,,Short-sleeve,Boxy / drop-shoulder,Crew,Worn photo shows oversized fit on athletic frame; falls without clinging; sleeves sit mid-bicep,Worn photo (Img 133) — ground truth,Cotton jersey,Mid,Slight,Medium-high,Smooth jersey; mild fade visible in black ground,1-2,"metalhead, grunge, street, bold, statement","concert, boys night, casual hangout, travel day",Base / under open shirt or jacket,All-season (Bangalore),38,Worn (mild fade in black ground),Regular,Cool,Black is high-contrast against warm Indian skin — flattering,No,High,2,Star (band-tee graphic is the focal point),High,,,,,,
TOP-31,WhatsApp Image 2026-05-20 at 6.27.36 PM (1).jpeg | WhatsApp Image 2026-05-20 at 6.27.36 PM.jpeg,"Img 134 (worn front) | Img 136 (worn front, alt angle)",T-Shirt,Short-sleeve graphic band tee (Gojira — whale + spiral motif),Unidentified (band merch),Navy / dark indigo (acid-wash/mineral wash),White / off-white (graphic),Acid-wash with chest graphic (Gojira band text + circular spiral-of-life motif with whale),Relaxed / oversized,,Short-sleeve,Boxy / drop-shoulder,Crew,Worn photos show oversized fit on athletic frame; falls cleanly without clinging; acid-wash creates marbled texture across body,"Worn photo (Img 134, Img 136) — ground truth",Cotton jersey with acid-wash finish,Mid,Slight,Medium-high,Acid-wash mineral-wash surface — uneven marbling across navy ground,1-2,"metalhead, grunge, street, bold, statement, artisan","concert, boys night, casual hangout, travel day",Base / under open shirt or jacket,All-season (Bangalore),38,"Good (acid-wash is design, not damage)",Regular,Cool,Navy is high-contrast against warm Indian skin — flattering,No,High,2,Star (band-tee graphic is the focal point),High,,,,,,
TOP-32,WhatsApp Image 2026-05-20 at 6.27.36 PM (2).jpeg | WhatsApp Image 2026-05-20 at 6.27.37 PM.jpeg,"Img 135 (worn front) | Img 140 (worn front, alt angle)",T-Shirt,Oversized short-sleeve acid-wash tee with small chest graphic (arched gateway + palm tree motif),Unidentified,Muted dusty purple / lavender (acid-wash mineral wash),Mustard / gold-yellow (graphic),Acid-wash with small chest graphic on left chest,Oversized,,Short-sleeve,Drop-shoulder boxy oversized,Crew,Worn photos show clearly oversized fit on athletic frame; drops past hip; drop-shoulder seam visible mid-upper-arm,"Worn photo (Img 135, Img 140) — ground truth",Cotton jersey with acid-wash finish,Mid,Slight,Medium-high,Acid-wash mineral surface — uneven lighter patches over purple ground,1-2,"artisan, earthy, Goa/hippie, designer-dev, statement","casual hangout, beach/Goa, travel day, concert, brunch",Base,All-season (Bangalore),38,Good (acid-wash is design),Regular,Warm-cool (dusty purple sits between),Muted purple works against warm Indian skin — adds color interest without competing; safer than bright purple,No,Medium,3,Both (statement color but small graphic),Medium-high,,,,,,
TOP-33,WhatsApp Image 2026-05-20 at 6.27.37 PM (1).jpeg | WhatsApp Image 2026-05-20 at 6.27.38 PM (3).jpeg | WhatsApp Image 2026-05-20 at 6.27.38 PM.jpeg,"Img 137 (worn open over black turtleneck) | Img 143 (worn front, alt angle) | Img 144 (worn front, fuller torso)",Jacket,Oversized distressed cotton/denim chore jacket with raw fringed hem,Unidentified,Black (washed),—,Solid with intentional fringed/frayed hem (distressed detail),Oversized / relaxed,,Long-sleeve,Boxy oversized; raw frayed hem hangs at hip,Point collar,Worn open as outer layer over black turtleneck; oversized through torso and shoulders; raw fringed/distressed hem is a deliberate design feature,Worn photo (Img 137) — ground truth,Mid-heavy cotton drill / lightweight denim,Mid-heavy,No,Low-medium,Crisp washed cotton with intentionally frayed bottom edge (raw threads exposed across hem),3,"designer-dev, rugged, grunge, street, editorial, artisan","casual hangout, boys night, date night (casual), concert, travel day",Outer (worn open),"Monsoon, winter (Bangalore); cooler evenings",26,Distressed (intentional — fringed hem is design feature),Regular,Cool,Black anchors well against warm Indian skin,No,High,3,Star (statement raw-hem detail draws the eye),High,,,,,,
TOP-34,WhatsApp Image 2026-05-20 at 6.27.37 PM (2).jpeg | WhatsApp Image 2026-05-20 at 6.27.37 PM (3).jpeg,"Img 138 (worn front) | Img 139 (worn front, alt angle)",T-Shirt,Short-sleeve acid-wash graphic tee — CARGO BAY postal-stamp logo on left chest,CARGO BAY (visible graphic text),Charcoal / dark grey (acid-wash mineral wash),Cream / pale yellow (graphic),Acid-wash with small chest graphic (stylized postal-stamp 'CARGO BAY' wordmark with sunburst motif),Relaxed,,Short-sleeve,Relaxed straight (slightly drop-shoulder),Crew,Worn photos show relaxed fit on athletic frame; not oversized; falls cleanly without clinging,"Worn photo (Img 138, Img 139) — ground truth",Cotton jersey with acid-wash finish,Mid,Slight,Medium-high,Acid-wash mineral marbling across charcoal ground,2,"designer-dev, earthy, coastal, artisan, clean","casual hangout, brunch, travel day, casual office, beach/Goa",Base,All-season (Bangalore),38,Good (acid-wash is design),Regular,Cool,Charcoal is a clean neutral that works well against warm Indian skin,No,Medium-high,3,Supporting (small chest graphic recedes; color carries),Medium,,,,,,
TOP-35,WhatsApp Image 2026-05-20 at 6.27.38 PM (1).jpeg | WhatsApp Image 2026-05-20 at 6.27.39 PM (2).jpeg,"Img 141 (worn open over black tee) | Img 146 (worn front, alt angle)",Jacket,Cream artisan-appliqué cotton drill chore jacket (one-of-a-kind),Unidentified (looks like a small-batch designer or artisan piece),Cream / off-white,Olive (applique) / navy-black (applique) / cream (sherpa patch),"Solid base with abstract hand-applied appliqué patches (olive palm-tree-like motif on left chest, navy serpentine accent on right side, white sherpa/fleece patch)",Regular / slightly relaxed,,Long-sleeve,"Regular through shoulders, slightly boxy through torso",Point collar,Worn open as outer over black tee; collar sits flat; button placket visible; sleeves fall to wrist; structured fabric holds shape,Worn photo (Img 141) — ground truth,Cotton drill / heavyweight cotton twill base; wool or felted-fiber appliqués,Mid-heavy,No,Low-medium,Crisp twill base; appliqués are dimensional (raised) creating tactile contrast,3-4,"artisan, designer-dev, editorial, bold, maximalist, Scandi","date night (casual), date night (upscale), party, restaurant, brunch, casual hangout",Outer (worn open),"Monsoon, winter (Bangalore); cooler evenings",26,Good,Occasional (statement piece),Warm,Cream/off-white is close to warm Indian skin tone but the dark navy + olive appliqués break it up — net effect is balanced rather than washing-out,No (the appliqué contrast saves it),Medium,3,Star (one-of-a-kind appliqué work — must be the focal point of any outfit),High,,,,,,
TOP-36,WhatsApp Image 2026-05-20 at 6.27.38 PM (2).jpeg,Img 142 (worn open over black tee),Shirt/Shacket,Heavyweight multicolor plaid flannel CPO overshirt with single chest pocket,Unidentified,"Navy / dark base with red, yellow, green plaid lines",Red / yellow / green (plaid),Plaid (multicolor — navy-base with red/yellow/green check),Relaxed / regular,,Long-sleeve,Relaxed straight through torso; sits at upper hip,Point collar,Worn open over black tee; structured heavy flannel holds shape; chest pocket sits flat on left,Worn photo (Img 142) — ground truth,Heavyweight brushed cotton flannel (CPO weight),Heavy,No,Low-medium,"Brushed flannel — soft hand, visible nap, holds shape",2-3,"rugged, workwear, metalhead, grunge, street, earthy","casual hangout, boys night, concert, travel day, beach/Goa (cool evenings)",Base / open as outer (over a tee),"Monsoon, winter (Bangalore)",24,Good,Regular,Warm-cool (multi-color),Plaid pattern carries the visual interest; works well against warm Indian skin as long as it's worn over a solid contrast layer (e.g. black tee),No,Medium-high,3,Star (loud plaid dominates),High,,,,,,
TOP-37,WhatsApp Image 2026-05-20 at 6.27.39 PM (1).jpeg | WhatsApp Image 2026-05-20 at 6.27.39 PM.jpeg | WhatsApp Image 2026-05-20 at 6.27.40 PM (1).jpeg | WhatsApp Image 2026-05-20 at 6.27.40 PM.jpeg | WhatsApp Image 2026-05-20 at 6.27.41 PM (1).jpeg,"Img 145 (worn buttoned front) | Img 147 (worn buttoned alt) | Img 148 (worn buttoned, weave close-up) | Img 151 (worn open over black tee) | Img 152 (worn buttoned waist-up)",Shirt/Jacket,Open-knit cotton crochet/lace shirt-jacket with point collar,Unidentified,Cream / ivory / warm off-white,—,Open-knit lace / crochet texture (intentional openwork),Relaxed,,Long-sleeve,Relaxed straight; hem sits at upper hip,Point collar (button-through),Worn photos show relaxed-but-not-oversized drape on athletic frame; open-weave pattern is sheer enough that base layer color shows through (black tee shows through clearly in Img 151),"Worn photo (Img 145, 147, 148, 151, 152) — ground truth",Cotton crochet / open-knit lace,Light,Slight,High,Open-weave texture with vertical ribs and lacy openings; soft hand,3,"artisan, Goa/hippie, designer-dev, editorial, coastal, bohemian","date night (casual), date night (upscale), brunch, beach/Goa, party, restaurant",Base / open as outer (visually transparent — works best over a solid base),"Summer, monsoon (Bangalore)",34,Good,Occasional (statement piece),Warm,"CAUTION — cream/ivory sits close to warm Indian skin tone, AND the open weave makes the skin visible through gaps. Best worn over a dark base layer (black/charcoal/deep navy) to create contrast and avoid blending.",YES,Low (against bare skin) / Medium (over a dark base layer),3,Star (statement texture — focal layer),Medium,,,,,,
TOP-38,WhatsApp Image 2026-05-20 at 6.27.40 PM (2).jpeg | WhatsApp Image 2026-05-20 at 6.27.41 PM (2).jpeg,"Img 149 (worn front, sleeves rolled) | Img 153 (worn front, unbuttoned at neck)",Shirt,Black long-sleeve button-up shirt with single chest pocket,Unidentified,Black (solid),White (button contrast),Solid,Regular,,Long-sleeve,Regular through torso; hem hits at upper hip; sleeves can be rolled to elbow,"Point collar (small, button-through)",Worn photo shows clean regular fit on athletic frame; sleeves rolled to forearm; mild drape through torso without bunching,Worn photo (Img 149) — ground truth,"Cotton or cotton-poly blend (light-mid weight, slight body)",Light-mid,Slight,Medium,"Smooth weave, slight body — looks like a workhorse smart-casual shirt",3-4,"clean, minimal, designer-dev, cosmopolitan, editorial","office, date night (casual), date night (upscale), restaurant, party, brunch",Base / open as outer (over a black tee for layering),All-season (Bangalore),32,Good,Regular,Cool,Black is high-contrast against warm Indian skin — flattering; one of the most versatile shirt colors,No,High,5,Supporting (recedes; lets bottoms/accessories carry),Medium,,,,,,
TOP-39,WhatsApp Image 2026-05-20 at 6.27.40 PM (3).jpeg,Img 150 (worn front),T-Shirt,"Basic short-sleeve crew-neck tee (solid, no graphic)",Unidentified,Black (solid),—,Solid,Relaxed,,Short-sleeve,Relaxed straight; falls cleanly without clinging; hem at upper hip,Crew,Worn photo shows relaxed fit on athletic frame; not oversized; sleeves sit mid-bicep,Worn photo (Img 150) — ground truth,Cotton jersey (mid-weight tee),Mid,Slight,Medium-high,Smooth jersey,2,"clean, minimal, designer-dev, street, cosmopolitan","casual hangout, boys night, travel day, casual office, brunch, base layer for outerwear",Base (often used under jackets and overshirts),All-season (Bangalore),38,Good,Daily rotation,Cool,Black is high-contrast against warm Indian skin — flattering; the universal base layer,No,High,5,Supporting (the base — recedes by design),Low,,,,,,
TOP-40,WhatsApp Image 2026-05-20 at 6.27.41 PM (3).jpeg | WhatsApp Image 2026-05-20 at 6.27.41 PM.jpeg | WhatsApp Image 2026-05-20 at 6.27.42 PM (1).jpeg | WhatsApp Image 2026-05-20 at 6.27.42 PM (2).jpeg,"Img 154 (worn front) | Img 155 (worn front, alt angle) | Img 156 (worn open) | Img 157 (worn open, alt angle)",Shirt,Black mandarin/band-collar long-sleeve shirt (concealed placket),Unidentified,Black (solid),—,Solid,Regular / slightly relaxed,,Long-sleeve,Regular through shoulders; drapes cleanly through torso; falls past hip,Mandarin / band collar (no point collar),Worn photos show clean drape; mandarin collar sits flat on neck without folding; the shirt looks soft and can be worn buttoned (Img 154-155) or open as a light over-layer (Img 156-157),"Worn photo (Img 154, Img 155, Img 156, Img 157) — ground truth",Soft cotton / cotton-poly blend (slight sheen),Light-mid,Slight,Medium,Smooth weave with subtle sheen,3-4,"designer-dev, cosmopolitan, minimal, clean, editorial","office, date night (upscale), date night (casual), restaurant, party",Base / open as outer (light over-layer),All-season (Bangalore),32,Good,Regular,Cool,Black is high-contrast against warm Indian skin — flattering; mandarin collar adds a refined / non-Western edge,No,High,4,Supporting (recedes; collar style adds quiet detail),Medium,,,,,,
TOP-41,WhatsApp Image 2026-05-20 at 6.27.42 PM (3).jpeg | WhatsApp Image 2026-05-20 at 6.27.43 PM.jpeg,"Img 158 (worn front, sleeves rolled) | Img 162 (worn front, closer angle)",Shirt,Crisp white long-sleeve dress shirt with point collar,Unidentified,Bright white,—,Solid,Slim / regular,,Long-sleeve,"Slim through shoulders, regular through torso; clean drape; hem hits low hip","Point collar (small/regular, button-through)",Worn photos show fitted shoulders and torso without bunching; sleeves rolled to forearm; clean shirt-cuff visible. No visible chest pocket — distinguishes from TOP-11.,"Worn photo (Img 158, Img 162) — ground truth","Cotton poplin (crisp, slight body)",Light-mid,No,Medium,"Smooth poplin, crisp hand",4,"clean, minimal, cosmopolitan, designer-dev, editorial","office, date night (upscale), restaurant, party",Base / under blazer or jacket,All-season (Bangalore),32,Good,Regular,Neutral,White is high-contrast against warm Indian skin — flattering; can wash out slightly in very bright direct sun,No,High,5,Supporting (the dress-shirt foundation under tailoring),Medium,,,,,,
TOP-42,WhatsApp Image 2026-05-20 at 6.27.42 PM.jpeg | WhatsApp Image 2026-05-20 at 6.27.43 PM (2).jpeg,"Img 159 (worn open over white shirt) | Img 161 (worn open, fuller view, button rows visible)",Jacket,Oversized black double-breasted blazer with peak lapels and flap pockets,Unidentified,Black (solid),—,Solid,Oversized / relaxed,,Long-sleeve,Oversized through shoulders and torso (intentionally relaxed tailoring); falls below hip; double-breasted button placket sits cleanly closed or worn open as in photos,Peak lapel (with notched detail),Worn open over a white dress shirt in both photos; structured shoulders hold shape; double-breasted button configuration visible in Img 161; sleeve falls to wrist,"Worn photo (Img 159, Img 161) — ground truth","Heavy wool blend or wool-poly suiting (structured, holds shape)",Heavy,No,Low,Smooth wool-suit weave with structured body; visible suit-cloth surface,4-5,"cosmopolitan, editorial, designer-dev, sharp, formal-leaning","office (formal), date night (upscale), party, restaurant (upscale)",Outer (formal layer over dress shirt),"Monsoon, winter (Bangalore); cooler evenings; AC environments",24,Good,Occasional (statement formal piece),Cool,Black is high-contrast against warm Indian skin — flattering; the oversized cut makes it editorial rather than corporate,No,High,3,Star (oversized double-breasted is the focal point),High,,,,,,
TOP-43,WhatsApp Image 2026-05-20 at 6.27.43 PM (1).jpeg,Img 160 (worn front),Shirt,Short-sleeve button-up shirt with Greek-key (meander) all-over print,Unidentified,Black (ground),Cream / off-white (Greek-key meander pattern),Greek-key / meander (geometric repeating maze-like pattern across entire garment),Relaxed,,Short-sleeve,Relaxed straight; hem at upper hip; sleeves sit mid-bicep,Point collar (small),Worn photo shows relaxed-not-oversized fit on athletic frame; drapes cleanly; the busy geometric print carries the visual interest,Worn photo (Img 160) — ground truth,"Cotton or cotton-rayon blend (mid weight, slight drape)",Mid,No,Medium,"Smooth woven, print sits flat on fabric",2-3,"designer-dev, editorial, bold, statement, cosmopolitan, Goa/hippie","date night (casual), party, restaurant, brunch, casual hangout, beach/Goa",Base / open as outer,"Summer, monsoon (Bangalore)",34,Good,Regular,Cool-neutral,Black-and-cream high-contrast print works well against warm Indian skin; the cream component is small enough not to wash out,No,High,2,Star (loud geometric print is the focal point),High,,,,,,
TOP-44,WhatsApp Image 2026-05-20 at 6.27.44 PM (1).jpeg | WhatsApp Image 2026-05-20 at 6.27.44 PM.jpeg,Img 163 (worn back) | Img 164 (worn front),T-Shirt,Short-sleeve graphic tee with large back illustration + small chest graphic,Unidentified,Charcoal / warm dark grey (mild fade),Red / off-white / orange (graphic colors),Graphic — small left-chest (red hand-print outline + text) + large back illustration (anime/manga-style figure in red-bordered frame),Relaxed,,Short-sleeve,Relaxed straight; hem at upper hip; sleeves sit mid-bicep,Crew,Worn photos show relaxed fit on athletic frame; falls cleanly without clinging; back graphic centered between shoulder blades,"Worn photo (Img 163 back, Img 164 front) — ground truth",Cotton jersey,Mid,Slight,Medium-high,Smooth jersey with mild fade in the charcoal ground,1-2,"designer-dev, street, grunge, bold, statement, Goa/hippie","casual hangout, boys night, concert, travel day",Base,All-season (Bangalore),38,Worn (mild fade in ground color),Regular,Cool-warm,Charcoal works well against warm Indian skin; the red graphic accent adds visible contrast without overwhelming,No,Medium-high,2,Star (back graphic is the focal point; works best worn untucked so the print is uninterrupted),High,,,,,,
TOP-45,WhatsApp Image 2026-05-20 at 6.27.45 PM.jpeg,Img 165 (worn front),T-Shirt,Oversized short-sleeve graphic tee — artist-attribution 'tiger' print,Unidentified (mirror text reads as 'Unknown Artist / 2022...' — artist-collaboration piece),Teal / deep teal blue,White / cream (tiger illustration),Graphic — large centered white striped-tiger illustration with title text at top and artist attribution at bottom,Oversized,,Short-sleeve,Drop-shoulder boxy oversized; hem falls past hip; sleeves sit at the bicep with extra room,Crew,Worn photo shows clearly oversized fit on athletic frame; drop-shoulder seam visible at upper arm; falls cleanly without clinging,Worn photo (Img 165) — ground truth,Cotton jersey (mid-weight),Mid,Slight,Medium-high,Smooth jersey,2,"designer-dev, editorial, artisan, bold, statement, Goa/hippie","casual hangout, brunch, travel day, beach/Goa, concert, casual office (creative-startup)",Base,All-season (Bangalore),38,Good,Regular,Cool,Teal is a jewel-tone that flatters warm Indian skin (good cool/warm balance); the white tiger illustration provides high contrast,No,High,3,Star (large tiger illustration is the focal point),High,,,,,,
BOT-15,chat_upload_cream_linen_drawstring_pants.jpeg,"Img 166 (worn front, from chat)",Bottoms,Drawstring linen pants,<FILL FROM OTHER SOURCES>,Off-white / cream,—,Solid,Relaxed / wide,Mid (elastic + drawstring waistband),Full length / ankle,Relaxed straight,,Fabric drapes loosely through the leg; visible natural linen wrinkling throughout; side slits at hem; drawstring sits flat at front. Relaxed and breezy silhouette — reads resort/beach rather than structured.,Worn photo,"Likely linen or linen-cotton blend (visible woven texture, natural wrinkling)",Light,None,High,Textured (linen weave),1,"resort, coastal, boho, beach, relaxed, minimal","beach/Goa, casual hangout, boys night",Outer,Summer,42,Good,Occasional,Warm,Cream/off-white sits close to warm Indian skin — needs a strong-contrast top to anchor the look and prevent the lower half from disappearing visually,YES,Low,2,Base / relaxed foundation,Medium-high (wide relaxed silhouette),,,,,,Active
