Item ID,Item Image Name,Image References,Category,Sub-Category,Brand,Color (Primary),Color (Secondary),Pattern,Fit,Rise,Length,Silhouette,Neckline,Drape Notes,Fit Source,Fabric,Weight,Stretch,Breathability,Surface Texture,Formality (1-5),Vibe Tags,Occasion Tags,Layering Position,Season,Max Comfortable Temp (C),Condition,Wear Frequency Estimate,Color Temperature,Skin Tone Interaction,Skin Tone Caution Flag,Contrast Level,Versatility Score (1-5),Role in Outfit,Volume/Visual Weight,Shoe Type,Sole Profile,Aesthetic Range,Top Compatibility Note
TOP-01,WhatsApp Image 2026-05-17 at 8.44.43 PM.jpeg | WhatsApp Image 2026-05-18 at 12.16.32 AM (1).jpeg | WhatsApp Image 2026-05-18 at 12.16.33 AM (1).jpeg | WhatsApp Image 2026-05-18 at 12.16.33 AM (2).jpeg | WhatsApp Image 2026-05-18 at 12.16.34 AM (1).jpeg,"Img 1 (flat) | Img 105 (flat lay — back/neck label view) | Img 106 (worn full-length) | Img 107 (worn upper-body) | Img 109 (worn full-length, further angle)",T-Shirt,Crew neck T-shirt,Possibly Calvin Klein (faint chest text - not fully legible),Bright white,—,Solid,Relaxed (worn photos confirm — sits slightly loose on athletic frame without billowing),,Short-sleeve,Relaxed,Crew,"Worn photos show relaxed drape; hem sits at hip level; comfortable fit for an athletic 6'0"" frame in size XL","Worn photo (Img 106-107, 109) - ground truth",Cotton jersey,Mid,Slight,High,"Smooth, soft-washed",2,"clean, minimal, street, cosmopolitan, designer-dev","casual hangout, boys night, brunch, travel day, date night (casual)",Base,All-season,35,Good (slight creasing; faint mid-chest mark visible - possible stain or shadow),Regular,Cool/neutral,Bright white pops well against light brown skin - strong contrast,No,High,5,Supporting,Low,,,,
TOP-02,WhatsApp Image 2026-05-17 at 8.44.49 PM (1).jpeg | WhatsApp Image 2026-05-18 at 12.16.27 AM.jpeg | WhatsApp Image 2026-05-18 at 12.16.28 AM (1).jpeg | WhatsApp Image 2026-05-18 at 12.16.28 AM.jpeg,Img 2 (flat - folded/crumpled) | Img 95 (worn close-up) | Img 96 (worn full-length) | Img 98 (worn 3/4 body),Shirt,Printed mandarin-collar shirt (camp collar variant with mandarin neckline confirmed from worn photos),Unidentified,Deep indigo / navy,"Cream/ivory, red-pink, olive green",Tropical/animal print (tigers + foliage + floral motifs),Relaxed (confirmed from worn photos - sits comfortably on athletic frame with sleeves rolled to 3/4),,Regular (hem sits at hip),"Relaxed, slightly boxy",Mandarin / band collar,Worn photos confirm relaxed drape through torso; mandarin/band collar sits naturally. Bold print reads as statement piece.,"Worn photo (Img 95-96, 98) - ground truth",Likely viscose or cotton-rayon blend (drape and print clarity),Light-mid,No,Medium-high,Smooth,2,"Goa/hippie, coastal, maximalist, bold, surf","beach/Goa, casual hangout, party, boys night, brunch, restaurant (casual)",Base / open as outer (typical of printed shirts),"Summer, all-season for warm-climate travel",38,Cannot determine from photo (folded),Occasional,"Mixed (cool navy base, warm accents) - reads warm-leaning overall",Warm accents harmonize with warm Indian skin; navy provides contrast,No,High (bold pattern),2,Star,High,,,,
TOP-03,WhatsApp Image 2026-05-17 at 8.44.49 PM (2).jpeg | WhatsApp Image 2026-05-17 at 8.44.49 PM (3).jpeg,"Img 3 (flat), Img 4 (flat - different angle/orientation, same item)",Sweater,Open-knit mock-neck sweater,Unidentified,Heather grey,—,Knit texture (loose open weave),Relaxed (flat-lay reading),,Long-sleeve,"Slightly boxy on flat, drop-shoulder suspected (no worn photo)",Mock neck / high crew,No worn photo available,Flat lay only,Open-knit cotton or cotton-acrylic blend,Mid,Slight (knit construction),High (open weave),"Ribbed, open-weave, textured",2-3,"earthy, artisan, Goa/hippie, coastal, designer-dev, Scandi","casual hangout, date night (casual), brunch, travel day, beach/Goa (evening)",Mid or base (can layer over a tee),"Monsoon, winter (Bangalore-calibrated); all-season for travel to cooler climates",25,Good,Regular (cool weather),Neutral (heather grey reads slightly cool),Versatile neutral - does not disappear into warm skin,No,Medium,4,Both (star when worn solo; supporting with bold bottoms),Medium-high (open-weave is visually heavy),,,,
TOP-04,WhatsApp Image 2026-05-17 at 8.44.49 PM (4).jpeg | WhatsApp Image 2026-05-18 at 12.16.19 AM.jpeg | WhatsApp Image 2026-05-18 at 12.16.20 AM (1).jpeg,Img 5 (flat) | Img 87 (worn full-length) — FIRST worn photo for TOP-04 | Img 88 (worn waist-up close-up),T-Shirt,Graphic acid-wash T-shirt,Unidentified (chest graphic appears nature/festival themed - 'Wild Earth' or similar),Faded navy / indigo (acid-wash),"Green, yellow (chest graphic)",Acid-wash with chest graphic,Relaxed (flat-lay reading),,Short-sleeve,"Relaxed, slightly boxy",Crew,No worn photo available,Flat lay only,Cotton jersey,Mid,Slight,High,"Soft-washed, slightly weathered",2,"grunge, metalhead, street, rugged, Goa/hippie, surf","concert, casual hangout, boys night, beach/Goa, travel day",Base,All-season (warm climates),35,Worn appearance (intentional acid-wash; possible additional genuine wear - hard to distinguish),Occasional,Cool,Deep blue contrasts nicely with warm skin,No,Medium-high,3,Star (graphic + wash carry personality),Medium,,,,
TOP-05,WhatsApp Image 2026-05-17 at 8.44.49 PM.jpeg,Img 6 (flat),T-Shirt,Crew neck T-shirt,Possibly H&M (neck label typography resembles H&M - not fully legible),Warm sand / light beige,—,Solid,Relaxed (flat-lay reading),,Short-sleeve,"Relaxed, slightly boxy",Crew,No worn photo available,Flat lay only,Heavyweight cotton jersey (visible structure suggests heavier weight),Mid-heavy,Slight,High,Smooth,2,"earthy, minimal, clean, coastal, designer-dev, Scandi","casual hangout, brunch, travel day, beach/Goa, date night (casual)",Base,All-season,35,Good,Regular,Warm,CAUTION - beige/sand sits close to light brown skin tone; risks washing out / blending,YES,Low,3,Supporting,Low,,,,
TOP-06,WhatsApp Image 2026-05-17 at 8.44.50 PM (1).jpeg,Img 7 (flat),Shirt,Short-sleeve button-up shirt with chest pocket,Unidentified,Olive green / army green,Brown (buttons),Solid,Relaxed (flat-lay reading),,Short-sleeve,"Relaxed, slightly boxy cut",Camp/spread collar (button-up),No worn photo available,Flat lay only,Linen or linen-cotton blend (visible weave texture),Light-mid,No,High (linen),"Slubby, textured (linen weave)",3,"earthy, safari, coastal, artisan, rugged, designer-dev, minimal","office, date night (casual), restaurant, travel day, beach/Goa, brunch",Base / open as outer,"Summer, monsoon; all-season for warm climates",36,Good (some natural linen wrinkling),Regular,Warm,Excellent - olive harmonizes beautifully with warm Indian skin tone,No,Medium,4,Both (star buttoned; supporting open over a tee),Medium,,,,
BOT-01,WhatsApp Image 2026-05-17 at 8.44.50 PM (2).jpeg,Img 8 (flat),Trousers,Wide-leg pleated trousers,Unidentified,Warm khaki / sand / light tan,—,Solid,Wide / relaxed,Mid-high (pleated waist visible),Full length,"Wide-leg, drapes loose through leg",,No worn photo available,Flat lay only,"Likely polyester-viscose blend or tencel (smooth, drapes)",Mid,Slight,Medium,"Smooth, slight sheen",3-4,"cosmopolitan, designer-dev, editorial, Scandi, minimal, clean","office, date night (upscale), restaurant, brunch, party",,All-season,32,Good,Regular,Warm,CAUTION - light khaki/tan sits close to skin tone; risks blending below the waist,YES,Low,3,Supporting,Medium (wide silhouette adds visual weight),,,,
BOT-02,WhatsApp Image 2026-05-17 at 8.44.50 PM (3).jpeg,Img 9 (flat - tags on),Trousers,Wide-leg pleated trousers,Unidentified (visible hangtag - text not legible in photo),Light grey / silver-grey,—,Solid (subtle woven texture),Wide / relaxed,Mid-high,Full length,Wide-leg,,No worn photo available,Flat lay only,Likely wool-poly suiting blend or technical poly,Mid,Slight,Medium,"Smooth woven, slight texture",3-4,"cosmopolitan, designer-dev, editorial, minimal, clean","office, date night (upscale), restaurant, brunch",,All-season,30,New (tags on),New - pending first wear,Neutral / cool-leaning,Excellent - cool grey contrasts well with warm skin,No,Medium,4,Supporting,Medium,,,,
BOT-03,WhatsApp Image 2026-05-17 at 8.44.50 PM (4).jpeg,Img 10 (flat),Jeans,"Faded black denim, regular/straight fit",Possibly Wrangler Authentics (waistband text reads 'authentic' - matches Wrangler Authentics line),Faded black / charcoal black,—,Solid (with faded/worn texture across legs),Regular (flat-lay reading - appears straight cut),Mid,Full length,Straight,,No worn photo available,Flat lay only,"Cotton denim, heavyweight",Heavy,No (or slight if elastane present - cannot confirm),Low,Faded/worn denim surface,2,"street, rugged, grunge, metalhead, casual, designer-dev","casual hangout, boys night, concert, party, travel day",,"Winter, monsoon; all-season for cool weather",28,Worn (significant fading - could be intentional wash or genuine wear),Regular,Neutral (faded black reads neutral),"Good - neutral, does not compete with skin",No,Medium-high,4,Supporting,Medium (faded texture adds slight visual interest),,,,
TOP-07,WhatsApp Image 2026-05-17 at 8.44.50 PM (5).jpeg | WhatsApp Image 2026-05-18 at 12.13.19 AM (1).jpeg | WhatsApp Image 2026-05-18 at 12.13.19 AM (2).jpeg | WhatsApp Image 2026-05-18 at 12.13.20 AM (1).jpeg | WhatsApp Image 2026-05-18 at 12.13.20 AM (2).jpeg | WhatsApp Image 2026-05-18 at 12.13.21 AM (1).jpeg | WhatsApp Image 2026-05-18 at 12.13.21 AM (2).jpeg | WhatsApp Image 2026-05-18 at 12.13.21 AM.jpeg,Img 11 (flat) | Img 56 (worn front) | Img 57 (worn full-length) | Img 58 (worn) | Img 59 (worn) | Img 60 (worn waist-up) | Img 61 (worn back) | Img 62 (worn angle),Shirt,Mandarin collar long-sleeve shirt,Unidentified (small inner-collar label not legible),Bright white / off-white,Indigo blue (print),Abstract dot/circle pattern arranged in diamond/geometric clusters,Relaxed (worn reading confirms flat-lay read),,Long-sleeve,Relaxed,Mandarin / band collar,Multiple worn photos show relaxed fit with clean drape; sits well on athletic frame without excessive looseness. Mandarin collar sits naturally.,Worn photo (Img 56-62) - ground truth,Lightweight cotton (poplin or cotton-linen blend),Light,No,High,Smooth,3,"artisan, designer-dev, cosmopolitan, editorial, Goa/hippie","office (creative/casual), date night (casual), restaurant, brunch, beach/Goa, party",Base / open as outer,"Summer, monsoon, all-season warm",36,Good (some natural creasing),Regular,Cool (white base + indigo print),Excellent - bright white pops against warm Indian skin,No,High,4,Star (the print carries visual interest),Medium (small-scale print keeps visual weight controlled),,,,
TOP-08,WhatsApp Image 2026-05-17 at 8.44.50 PM (6).jpeg,Img 12 (flat),Shirt,Long-sleeve button-up shirt with chest pocket,American Eagle (neck label visible),Light sky blue / chambray blue,White (pinstripe),Subtle vertical pinstripe,Relaxed (flat-lay reading),,Long-sleeve,Relaxed,Button-down collar,No worn photo available,Flat lay only,Linen or linen-cotton blend (visible slubby weave),Light,No,High,Slubby/textured (linen weave),3,"coastal, preppy, clean, minimal, designer-dev, safari","office, date night (casual), restaurant, brunch, beach/Goa, travel day",Base / open as outer,"Summer, monsoon, all-season warm",36,Good,Regular,Cool,Good - light blue is a flattering cool tone against warm Indian skin,No,Medium-low (light tones),4,Supporting,Low-medium,,,,
BOT-04,WhatsApp Image 2026-05-17 at 8.44.50 PM.jpeg | WhatsApp Image 2026-05-18 at 12.13.09 AM.jpeg | WhatsApp Image 2026-05-18 at 12.13.10 AM.jpeg,"Img 13 (flat), Img 19 (worn front), Img 20 (worn side)",Trousers,Wide-leg pleated trousers,Unidentified,Dark navy (reads near-black in flat lay due to lighting; clearly navy in worn shots),—,Solid,"Wide / relaxed - confirmed from worn photo: sits clean at waist, falls full through leg",Mid to mid-high,Full length (hem breaks at the ankle in worn shot),"Wide-leg, drapes full",,Fabric drapes cleanly from the pleated waist; falls full and slightly loose through the thigh and knee; hem breaks at the ankle without stacking. Side profile shows clean drape without billowing.,"WORN PHOTO (Img 19 front, Img 20 side) - ground truth","Likely poly-viscose blend or technical suiting fabric (smooth, drapes well)",Mid,Slight,Medium,"Smooth, slight sheen",3-4,"cosmopolitan, designer-dev, editorial, minimal, clean","office, date night (upscale), restaurant, brunch, party",,All-season,30,Good,Regular,Cool (navy),Excellent - dark navy contrasts well with warm Indian skin,No,High,4,Supporting (but the wide silhouette is itself a style statement),Medium-high (wide silhouette has visual weight),,,,
BOT-05,WhatsApp Image 2026-05-17 at 9.08.12 PM.jpeg,Img 14 (flat),Shorts,Distressed denim shorts,Unidentified,Charcoal / faded black denim,—,Solid with intentional distressing (rips at the front thighs),Regular (flat-lay reading),Mid,At-knee / just-above-knee,Straight,,No worn photo available,Flat lay only,Cotton denim,Mid-heavy,No or slight,Low-medium,Denim weave with distressing,1-2,"street, grunge, metalhead, rugged, surf, casual","casual hangout, boys night, concert, beach/Goa, party (casual)",,"Summer, monsoon",38,Distressed - by design (intentional rips); some additional natural wear may be present,Occasional to regular,Neutral (charcoal),"Good - neutral dark, contrasts with warm skin",No,High,2,Star (distressing carries visual weight),High (rips draw the eye),,,,
BOT-06,WhatsApp Image 2026-05-17 at 9.08.13 PM.jpeg | WhatsApp Image 2026-05-18 at 12.15.12 AM.jpeg | WhatsApp Image 2026-05-18 at 12.15.13 AM.jpeg | WhatsApp Image 2026-05-18 at 12.15.15 AM (1).jpeg | WhatsApp Image 2026-05-18 at 12.15.15 AM.jpeg | WhatsApp Image 2026-05-18 at 12.15.16 AM.jpeg,"Img 15 (flat) | Img 74 (worn full-length) | Img 75 (worn front/angled) | Img 76 (worn waist-down close-up) | Img 77 (worn full-length, alt top) | Img 78 (worn full-length, alt top angle)",Shorts,Linen-look chino shorts,Possibly Jack & Jones / Selected (partial brand text visible on label - '& Jones' fragment readable),Warm beige / sand / light tan,—,Solid (subtle linen-look weave),Regular (label reads 'REGULAR'),Mid,At-knee,Straight,,No worn photo available,Flat lay only,Cotton-linen blend (subtle slubby texture),Light-mid,No,High,Slubby (linen-look),2-3,"coastal, earthy, preppy, clean, designer-dev, Goa/hippie","brunch, casual hangout, beach/Goa, restaurant (casual), travel day, date night (casual)",,"Summer, monsoon",38,Good,Regular,Warm,CAUTION - warm beige/sand sits close to skin tone; less risky below the waist than a top but still flagged,YES,Low,3,Supporting,Low-medium,,,,
BOT-07,WhatsApp Image 2026-05-17 at 9.08.14 PM.jpeg,Img 16 (flat),Shorts,Faded denim / chambray shorts,Fabindia (label clearly visible),Faded blue-grey / chambray,—,"Solid (faded denim texture, no patterning)",Regular (flat-lay reading),Mid,At-knee,Straight,,No worn photo available,Flat lay only,Chambray or lightweight denim,Mid,No,Medium,Chambray weave,2-3,"coastal, earthy, preppy, casual, Goa/hippie, artisan","brunch, casual hangout, beach/Goa, restaurant (casual), travel day",,"Summer, monsoon",36,Worn / faded (could be stylistic wash or genuine wear - hard to distinguish),Regular,Cool (chambray reads cool),Good - chambray blue contrasts with warm Indian skin,No,Medium,4,Supporting,Low-medium,,,,
BOT-08,WhatsApp Image 2026-05-18 at 12.13.06 AM.jpeg | WhatsApp Image 2026-05-18 at 12.13.07 AM.jpeg,"Img 17 (worn front), Img 18 (worn side)",Jeans,"Black denim jeans, straight cut",Unidentified (small leather patch visible at back-right waist - logo not legible in photo),Dark black / near-black denim (subtle thigh fading visible),—,Solid (subtle denim fade),"Regular / straight - WORN photo confirms: sits at mid-rise, hangs cleanly from the hip without bunching",Mid,"Full length, hem just touches the foot",Straight (slight slouch through thigh),,Front view shows clean drape from hip down without pinching; side profile confirms straight cut with no taper through the calf; hem rests on the foot without stacking. Sits well on the athletic frame.,"WORN PHOTO (Img 17 front, Img 18 side) - ground truth",Cotton denim,Heavy,Cannot confirm,Low,Denim weave,2,"street, rugged, metalhead, grunge, cosmopolitan, designer-dev","casual hangout, boys night, concert, party, travel day, date night (casual)",,"Winter, monsoon, all-season for cool weather",28,Good (light fading consistent with regular wear),Regular,Neutral,"Good - neutral dark base, doesn't compete with skin",No,High,4,Supporting,Low-medium,,,,
BOT-09,WhatsApp Image 2026-05-18 at 12.13.12 AM.jpeg,Img 21 (worn),Jeans,Regular-fit medium-wash denim,Unidentified,Medium blue / mid-wash,—,Solid,Regular / straight,Mid-rise,Full length,Straight,,Sits at mid-rise; drapes cleanly from hip. Minimal taper through thigh and knee. Hem breaks at the foot.,Worn photo (Img 21),"Cotton denim, heavyweight",Heavy,No,Low,Denim weave,2,"street, casual, cosmopolitan, designer-dev","casual hangout, boys night, travel day, date night (casual)",,"Winter, monsoon, all-season for cool weather",28,Good (light fading consistent with regular wear),Regular,Neutral,Good - neutral medium blue contrasts with warm skin,No,Medium-high,4,Supporting,Low-medium,,,,
BOT-10,WhatsApp Image 2026-05-18 at 12.13.13 AM.jpeg | WhatsApp Image 2026-05-18 at 12.13.14 AM (1).jpeg | WhatsApp Image 2026-05-18 at 12.16.25 AM (1).jpeg,Img 22 (worn front) | Img 23 (worn side) | Img 90 (worn full-length) — TENTATIVE; bottom identification ambiguous,Trousers,Wide-leg trousers,Unidentified,Black / near-black,—,Solid,Wide / relaxed,Mid-rise,Full length,Wide-leg,,Falls full and loose through thigh and knee without billowing. Hem breaks at ankle cleanly.,"Worn photo (Img 22, 23)",Likely poly-viscose blend (smooth fabric),Mid,Slight,Medium,"Smooth, slight sheen",3,"cosmopolitan, designer-dev, minimal, clean","office, date night (upscale), restaurant",,All-season,30,Good,Regular,Cool,Excellent - black contrasts well with warm skin,No,High,4,Supporting,Medium-high,,,,
BOT-11,WhatsApp Image 2026-05-18 at 12.13.14 AM.jpeg | WhatsApp Image 2026-05-18 at 12.13.15 AM.jpeg | WhatsApp Image 2026-05-18 at 12.13.15 AM (1).jpeg | WhatsApp Image 2026-05-18 at 12.13.15 AM (2).jpeg | WhatsApp Image 2026-05-18 at 12.13.16 AM (2).jpeg | WhatsApp Image 2026-05-18 at 12.16.17 AM.jpeg | WhatsApp Image 2026-05-18 at 12.16.18 AM (1).jpeg | WhatsApp Image 2026-05-18 at 12.16.18 AM.jpeg | WhatsApp Image 2026-05-18 at 12.16.19 AM (1).jpeg | WhatsApp Image 2026-05-18 at 12.16.19 AM.jpeg | WhatsApp Image 2026-05-18 at 12.16.20 AM (1).jpeg | WhatsApp Image 2026-05-18 at 12.16.21 AM (1).jpeg,"Img 24 (worn front) | Img 25 (worn side) | Img 26 (worn back) | Img 27 (flat) | Img 54 (flat close-up) | Img 83 (worn full-length) | Img 84 (worn full-length, alt angle) | Img 85 (worn waist-up) | Img 86 (worn full-length) | Img 87 (worn full-length) | Img 88 (worn waist-up) | Img 89 (worn partial — bottom visible below TOP-22)",Trousers,Wide-leg pleated trousers,Unidentified,Olive green / warm tan,—,Solid,"Wide / relaxed, pleated front",Mid-high,Full length,Wide-leg,,Pleated waist; worn photos show clean drape from mid-high rise through full leg. Hem breaks at ankle.,Worn photo (Img 24-26),"Likely poly-viscose or tencel (smooth, drapes well)",Mid,Slight,Medium,"Smooth, slight sheen",3-4,"cosmopolitan, designer-dev, editorial, minimal","office, date night (upscale), restaurant, brunch",,All-season,32,Good,Regular,Warm,CAUTION - olive-tan close to warm skin tone; risk of blending,YES,Low-medium,3,Supporting,Medium-high,,,,
BOT-12,WhatsApp Image 2026-05-18 at 12.13.16 AM.jpeg | WhatsApp Image 2026-05-18 at 12.13.16 AM (1).jpeg,Img 28 (worn) | Img 29 (worn side),Trousers,Cropped/ankle-tapered trousers,Unidentified,Black / near-black,—,Solid,Tapered / cropped,Mid to mid-high,Cropped (ends above ankle),Cropped/tapered,,Clean drape from mid-rise; tapers through thigh and calf. Ankle opening tapered but not skinny.,Worn photo (Img 28-29),Likely cotton-poly or wool-poly blend,Mid,Slight,Medium,Smooth,3,"minimal, designer-dev, clean, cosmopolitan","office, date night (casual), brunch, restaurant",,All-season,30,Good,Regular,Cool,Excellent - black contrasts with warm skin,No,High,4,Supporting,Low-medium,,,,
BOT-13,WhatsApp Image 2026-05-18 at 12.13.17 AM.jpeg | WhatsApp Image 2026-05-18 at 12.13.17 AM (1).jpeg | WhatsApp Image 2026-05-18 at 12.13.17 AM (2).jpeg | WhatsApp Image 2026-05-18 at 12.13.18 AM.jpeg,Img 30 (worn) | Img 31 (worn) | Img 32 (worn) | Img 33 (flat),Trousers,Plaid trousers,Unidentified,Cream / light beige,Grey (plaid pattern),Plaid,Regular / relaxed,Mid-rise,Full length,Regular / straight,,Relaxed drape through thigh and knee. Hem breaks at the foot.,Worn photo (Img 30-32),Likely linen or linen-cotton blend (visible texture),Light-mid,No,High (linen),Textured / slubby,2-3,"earthy, artisan, designer-dev, coastal","brunch, casual hangout, restaurant (casual), beach/Goa, travel day",,"Summer, monsoon, all-season warm",38,Good,Regular,Warm,CAUTION - light cream/beige close to skin tone; risk of blending,YES,Low-medium,3,Supporting,Low-medium,,,,
TOP-09,WhatsApp Image 2026-05-18 at 12.16.20 AM.jpeg,Img 34 (worn),T-Shirt,Graphic T-shirt,Unidentified,Charcoal grey,Cream / off-white (graphic),Graphic print (tree/nature logo),Relaxed (worn reading),,Short-sleeve,Relaxed,Crew,Relaxed drape; sits slightly loose without billowing. Good fit for athletic frame.,Worn photo (Img 34),Cotton jersey,Mid,Slight,High,"Soft, smooth",2,"street, casual, grunge, designer-dev","casual hangout, boys night, concert, beach/Goa",Base,All-season (warm climates),35,Good,Regular,Cool,Good - charcoal provides contrast; cream graphic adds interest,No,Medium-high,3,Star (graphic carries personality),Medium,,,,
TOP-10,WhatsApp Image 2026-05-18 at 12.16.21 AM.jpeg | WhatsApp Image 2026-05-18 at 12.16.22 AM.jpeg | WhatsApp Image 2026-05-18 at 12.16.23 AM.jpeg,Img 35 (worn) | Img 36 (worn) | Img 37 (worn 3/4 sleeve or same),Shirt,Camp collar shirt (short-sleeve),Unidentified,Cream / off-white,—,Solid,Relaxed (worn reading),,Short-sleeve,Relaxed / slightly boxy,Camp / spread collar,Relaxed fit through torso; sits slightly loose but maintains clean lines. Camp collar drapes softly.,Worn photo (Img 35-37),Lightweight cotton or cotton-linen blend,Light,No,High,Smooth / linen-like weave,2,"minimal, clean, coastal, designer-dev","brunch, casual hangout, beach/Goa, date night (casual), restaurant (casual)",Base / open as outer,"Summer, monsoon, all-season warm",38,Good,Regular,Warm,CAUTION - cream/off-white risks washing out in certain lighting,YES,Low,2,Supporting (needs high-contrast bottoms),Low-medium,,,,
TOP-11,WhatsApp Image 2026-05-18 at 12.16.24 AM.jpeg | WhatsApp Image 2026-05-18 at 12.16.25 AM.jpeg | WhatsApp Image 2026-05-18 at 12.16.25 AM (1).jpeg,Img 38 (worn full-length) | Img 39 (worn close-up) | Img 90 (worn full-length) — TENTATIVE; possible separate white shirt,Shirt,Long-sleeve button-up shirt,Unidentified,Cream / off-white,—,Solid,Relaxed (worn reading),,Long-sleeve,Relaxed / slightly boxy,Button-down collar with chest pocket,Relaxed fit; sits slightly loose. Good flow on athletic frame.,Worn photo (Img 38-39),Lightweight cotton or cotton-linen blend,Light-mid,No,High,Smooth weave,2-3,"minimal, clean, coastal, designer-dev","office (casual), brunch, casual hangout, beach/Goa, restaurant (casual), date night (casual)",Base / open as outer,"Summer, monsoon, all-season warm",36,Good,Regular,Warm,CAUTION - cream/off-white risks washing out in certain lighting,YES,Low,3,Supporting (pairs well with contrasting bottoms),Low-medium,,,,
TOP-12,WhatsApp Image 2026-05-18 at 12.16.31 AM.jpeg,Img 40 (worn),Shirt,Printed short-sleeve camp collar shirt,Unidentified,Charcoal black,"Cream / off-white, yellow (floral pattern)","Large-scale floral print (cream flowers, yellow accents)",Relaxed (worn reading),,Short-sleeve,Relaxed,Camp / spread collar,Relaxed fit through torso. Print carries visual weight.,Worn photo (Img 40),Lightweight cotton or viscose-cotton blend (drape suggests lighter natural fabric),Light-mid,No,Medium-high,Smooth (printed cotton),2,"maximalist, bold, designer-dev, Goa/hippie, street","casual hangout, boys night, beach/Goa, party (casual), brunch",Base,"Summer, monsoon, all-season warm",36,Good,Occasional to regular,Warm (black base + warm accents),Excellent - charcoal provides contrast; cream and yellow pop against warm skin,No,High (bold pattern),3,Star (print carries outfit identity),Medium-high (floral pattern adds visual weight),,,,
TOP-13,WhatsApp Image 2026-05-18 at 12.16.32 AM.jpeg | WhatsApp Image 2026-05-18 at 12.16.17 AM.jpeg | WhatsApp Image 2026-05-18 at 12.16.18 AM (1).jpeg | WhatsApp Image 2026-05-18 at 12.16.18 AM.jpeg | WhatsApp Image 2026-05-18 at 12.16.19 AM (1).jpeg,"Img 41 (worn) | Img 83 (worn full-length) | Img 84 (worn full-length, alt angle) | Img 85 (worn waist-up close-up) | Img 86 (worn full-length)",T-Shirt,Crew-neck T-shirt,Unidentified,Cream / off-white,—,Solid,Relaxed (worn reading),,Short-sleeve,Relaxed,Crew,Relaxed fit; sits slightly loose without billowing.,Worn photo (Img 41),Cotton jersey,Mid,Slight,High,"Soft, smooth",1-2,"minimal, clean, designer-dev","casual hangout, brunch, travel day, date night (casual)",Base,All-season,35,Good,Regular,Warm,CAUTION - cream/off-white risks washing out in certain lighting,YES,Low,2,Supporting (needs high-contrast bottoms or layering),Low,,,,
TOP-14,WhatsApp Image 2026-05-18 at 12.16.34 AM.jpeg | WhatsApp Image 2026-05-18 at 12.16.35 AM.jpeg | WhatsApp Image 2026-05-18 at 12.16.36 AM.jpeg | WhatsApp Image 2026-05-18 at 12.16.37 AM.jpeg | WhatsApp Image 2026-05-18 at 12.16.38 AM.jpeg,Img 42 (worn) | Img 43 (worn) | Img 44 (worn) | Img 45 (worn) | Img 46 (worn),Shirt,Overshirt / casual long-sleeve shirt,Unidentified,Cream / warm beige,—,Solid,Relaxed (worn reading),,Long-sleeve,Relaxed / boxy,Spread collar with chest pockets,Relaxed fit; drapes loosely over frame. Worn open as an overshirt or closed as a casual layer.,Worn photo (Img 42-46),Lightweight cotton or cotton-linen blend (visible texture suggests natural fiber),Light-mid,No,High,Textured / slubby weave,2,"coastal, earthy, minimal, designer-dev, Goa/hippie","casual hangout, brunch, beach/Goa, restaurant (casual), layering for cool evenings",Outer / layering piece,"Summer, monsoon, all-season warm",36,Good,Regular,Warm,CAUTION - cream/beige risks washing out in certain lighting; best with contrasting layers underneath,YES,Low,3,Supporting (works as overshirt or layering piece),Low-medium,,,,
TOP-15,WhatsApp Image 2026-05-18 at 12.16.40 AM.jpeg | WhatsApp Image 2026-05-18 at 12.16.41 AM.jpeg | WhatsApp Image 2026-05-18 at 12.16.42 AM.jpeg,Img 47 (worn) | Img 117 (worn full-length with BOT-10) | Img 118 (worn full-length alt angle),Sweater,Crew-neck knit sweater (short-sleeve),Unidentified,Light grey / taupe,—,Solid (textured knit),Relaxed (worn reading),,Short-sleeve,Relaxed,Crew neck,Relaxed fit through torso; sits slightly loose on athletic frame. Knit has visible ribbed/waffle texture.,Worn photo (Img 47),Cotton or cotton-blend knit (textured waffle or ribbed pattern),Mid,Slight,Medium-high (textured knit),Ribbed / waffle texture,2-3,"minimal, clean, designer-dev, Scandi, artisan","casual hangout, brunch, office (casual), date night (casual)",Base / mid layer,"Spring, monsoon, cooler evenings",28,Good,Regular,Neutral,Good - taupe reads neutral; works well with warm skin,No,Medium,4,Star (texture and color carry outfit identity),Medium,,,,
TOP-16,WhatsApp Image 2026-05-18 at 12.13.19 AM.jpeg | WhatsApp Image 2026-05-18 at 12.13.22 AM (2).jpeg | WhatsApp Image 2026-05-18 at 12.13.22 AM.jpeg | WhatsApp Image 2026-05-18 at 12.15.15 AM.jpeg | WhatsApp Image 2026-05-18 at 12.15.16 AM.jpeg,"Img 48 (worn) | Img 64 (worn full-length) | Img 65 (worn waist-up detail) | Img 77 (worn full-length, alt bottom) | Img 78 (worn full-length, alt bottom angle)",Shirt,Long-sleeve button-up shirt,Unidentified,Light blue / chambray blue,—,Solid (subtle woven texture),Relaxed (worn reading),,Long-sleeve,Relaxed,Button-down collar with chest pocket,Relaxed fit; sits well on athletic frame. Light blue is flattering against warm skin.,Worn photo (Img 48),Linen or linen-cotton blend (visible slubby weave),Light,No,High (linen),Textured / slubby,3,"coastal, clean, minimal, designer-dev, preppy","office, office (casual), date night (casual), restaurant, brunch, beach/Goa, travel day",Base / open as outer,"Summer, monsoon, all-season warm",36,Good,Regular,Cool,Good - light blue provides contrast with warm skin without disappearing,No,Medium,4,Supporting,Low-medium,,,,
TOP-17,WhatsApp Image 2026-05-18 at 12.13.20 AM.jpeg,Img 49 (worn),Shirt,Long-sleeve button-up shirt with subtle pattern,Unidentified,Cream / off-white,Dark grey / navy (pattern),Small-scale dot or dash print,Relaxed (worn reading),,Long-sleeve (rolled at cuff),Relaxed,Button-down collar with chest pocket,Relaxed fit; sits well on athletic frame. Subtle pattern provides visual interest without heaviness.,Worn photo (Img 49),Lightweight cotton or cotton-linen blend,Light-mid,No,High,Smooth / textured weave,3,"minimal, clean, designer-dev, coastal, artisan","office, office (casual), date night (casual), restaurant, brunch",Base / open as outer,"Summer, monsoon, all-season warm",36,Good,Regular,Warm (cream) with cool pattern,Good - cream base with dark pattern provides layered interest,No,Medium,4,Star (subtle pattern carries outfit identity),Low-medium,,,,
SHO-01,WhatsApp Image 2026-05-18 at 12.17.06 AM.jpeg | WhatsApp Image 2026-05-18 at 12.17.08 AM.jpeg,Img 50 (flat top-down) | Img 51 (flat side),Shoes,Canvas high-top sneakers,Possibly Converse or similar (visible branding but not legible in photo),Cream / off-white,—,Solid,,,,High-top,,"Canvas construction; clean, minimal aesthetic. Good for casual hangouts and street looks.","Flat lay (Img {img_num}, {img_num+1})",Canvas cotton,Light,No,Medium-high,Smooth / woven canvas,1-2,"street, casual, minimal, cosmopolitan","casual hangout, boys night, concert, travel day, beach/Goa",,All-season,35,Worn (creasing visible; appears to be frequently used),Regular,Cool,Good - cream contrasts subtly with skin; clean white pops,No,Medium,4,Star (versatile baseline shoe),Low,High-top canvas sneaker,Flexible rubber,"Casual, street, minimal, cosmopolitan",Works with most casual outfits
SHO-02,WhatsApp Image 2026-05-18 at 12.17.09 AM.jpeg | WhatsApp Image 2026-05-18 at 12.17.08 AM (1).jpeg | WhatsApp Image 2026-05-18 at 12.17.09 AM (1).jpeg,Img 52 (flat back view) | Img 119 (flat top-down) | Img 120 (flat top-down alt),Shoes,Color-block low-top sneakers,Comet (visible on heel),Brown / tan,"White / cream (color-block panels), Olive / khaki (mudguard + collar lining)",Solid with color-blocking,,,,Low-top,,Suede/nubuck and canvas color-block; relaxed athletic aesthetic. Fits well with casual and street looks.,Flat lay (Img {img_num}),Suede/nubuck + canvas (color-blocked),Light-mid,No,Medium,Suede + canvas weave,2,"street, casual, designer-dev, rugged","casual hangout, boys night, concert, brunch",,"All-season, warmer months",32,Worn (creasing on suede; appears well-used),Regular,Warm (tan) + cool (white),Good - tan and white contrast provides visual interest without clashing with warm skin,No,Medium-high,3,Star (color-blocking carries outfit identity),Low-medium,Low-top canvas/suede sneaker,Flexible rubber,"Casual, street, warm-weather",Pairs well with casual shorts and tees
SHO-03,WhatsApp Image 2026-05-18 at 12.17.07 AM.jpeg,Img 53 (flat held in hand),Shoes,Slippers / house shoes,Unidentified (partial branding visible but not legible),Cream / warm beige,—,Solid,,,,Slip-on / open-back,,"Soft, comfortable slippers. Worn around the house or for quick outdoor trips. Not suitable for formal outings or detailed styling.",Flat lay (Img {img_num}),Likely cotton or canvas blend with soft lining,Light,,High,Soft / cushioned,0,"casual, minimal","home, casual hangout",,All-season,Any,Good (appears well-used but comfortable),Frequent (home wear),Warm,Cream blends subtly with warm skin; not a styling focus piece,No,Low,1,Not a wardrobe star (home wear only),Low,Slip-on slipper,Soft sole,"Casual, comfort, home",Not for outfits; home wear only
TOP-18,WhatsApp Image 2026-05-18 at 12.13.18 AM (1).jpeg,Img 55 (worn),Shirt,Short-sleeve button-up shirt,Unidentified,Light grey-blue / chambray,—,Solid,Relaxed,,Short-sleeve,Relaxed / slightly boxy,Button-down collar with chest pocket,Relaxed fit; sits well on athletic frame with slight looseness through torso.,Worn photo (Img 55),Linen or linen-cotton blend,Light,No,High,Textured / slubby (linen weave),3,"coastal, clean, minimal, designer-dev, preppy","office, office (casual), date night (casual), restaurant, brunch, beach/Goa, travel day",Base / open as outer,"Summer, monsoon, all-season warm",36,Good,Regular,Cool,Good - light grey-blue is a flattering cool tone against warm Indian skin,No,Medium,4,Supporting,Low-medium,,,,
TOP-19,WhatsApp Image 2026-05-18 at 12.13.22 AM (1).jpeg,Img 63 (worn),Shirt,Short-sleeve button-up shirt,Unidentified,Light grey / pale blue-grey,—,Solid,Relaxed,,Short-sleeve,Relaxed,Button-down collar,Relaxed fit; sits comfortably on athletic frame with gentle flow.,Worn photo (Img 63),Lightweight cotton or cotton-linen blend,Light,No,High,Smooth weave,2-3,"minimal, clean, casual, designer-dev","casual hangout, brunch, beach/Goa, date night (casual)",Base / open as outer,"Summer, monsoon, all-season warm",36,Good,Regular,Cool,Good - pale blue-grey contrasts with warm skin without disappearing,No,Medium,4,Supporting,Low,,,,
BOT-14,WhatsApp Image 2026-05-18 at 12.13.23 AM (1).jpeg | WhatsApp Image 2026-05-18 at 12.13.23 AM.jpeg | WhatsApp Image 2026-05-18 at 12.13.22 AM (2).jpeg | WhatsApp Image 2026-05-18 at 12.13.22 AM.jpeg,Img 66 (worn front) | Img 67 (worn waist-close-up) | Img 64 (worn full-length) | Img 65 (worn waist-up + shorts distressing detail),Shorts,Distressed denim shorts,Unidentified,Charcoal / faded black,—,Solid with intentional distressing,Regular,Mid,At-knee / just-above-knee,Straight,,Sits at mid-rise; hangs cleanly through thigh. Distressing at front thighs prominent.,Worn photo (Img 66-67),Cotton denim,Mid-heavy,No,Low-medium,Denim weave with distressing,1-2,"street, grunge, metalhead, rugged, casual","casual hangout, boys night, concert, beach/Goa, party (casual)",,"Summer, monsoon",38,Distressed - by design,Occasional to regular,Neutral,"Good - charcoal neutral, contrasts with warm skin",No,High,2,Star,High,,,,
TOP-20,WhatsApp Image 2026-05-18 at 12.14.54 AM.jpeg | WhatsApp Image 2026-05-18 at 12.14.56 AM.jpeg | WhatsApp Image 2026-05-18 at 12.14.58 AM.jpeg | WhatsApp Image 2026-05-18 at 12.14.59 AM.jpeg | WhatsApp Image 2026-05-18 at 12.15.01 AM.jpeg | WhatsApp Image 2026-05-18 at 12.15.11 AM.jpeg | WhatsApp Image 2026-05-18 at 12.15.12 AM.jpeg | WhatsApp Image 2026-05-18 at 12.15.13 AM.jpeg,Img 68 (worn) | Img 69 (worn) | Img 70 (worn full-length) | Img 71 (worn side) | Img 72 (worn pants detail) | Img 73 (worn chest detail) | Img 74 (worn full-length) | Img 75 (worn front/angled),Shirt,Short-sleeve button-up shirt,Unidentified,Olive green / sage green,—,Solid,Relaxed,,Short-sleeve,Relaxed,Mandarin collar / band collar,Relaxed fit; sits comfortably on athletic frame with gentle drape through torso. Mandarin collar sits naturally without pulling.,Worn photo (Img 68-73),Lightweight cotton or cotton-linen blend,Light-mid,No,High,Smooth weave,2-3,"earthy, safari, coastal, artisan, minimal, designer-dev","casual hangout, office (casual), brunch, beach/Goa, restaurant (casual), date night (casual)",Base / open as outer,"Summer, monsoon, all-season warm",36,Good,Regular,Warm,Excellent - olive harmonizes beautifully with warm Indian skin tone,No,Medium,4,Both,Medium,,,,
TOP-21,WhatsApp Image 2026-05-18 at 12.15.17 AM.jpeg | WhatsApp Image 2026-05-18 at 12.16.15 AM.jpeg | WhatsApp Image 2026-05-18 at 12.16.16 AM.jpeg,"Img 79 (worn torso-only) | Img 81 (worn full-length) | Img 82 (transition/held; tee held in basket, not worn)",T-Shirt,Crew-neck oversized T-shirt,Unidentified,Honey gold / warm amber,—,Solid,Relaxed / oversized,,Short-sleeve,Boxy,Crew neck,Fabric falls relaxed with no shoulder pull; slight boxy drape sits well on athletic frame without looking shapeless,"Worn photo (Img 81 torso, Img 83 full-length) — ground truth","Cotton jersey (appears mid-weight, smooth)",Mid,Slight,High,Smooth,2,"street, casual, earthy, bold","casual hangout, boys night, travel day, concert, beach/Goa",Base,"Summer, All-season",38,Good,Regular,Warm,Warm amber/honey gold aligns with warm Indian undertone — provides a vibrant sunny effect without disappearing; not a risk color (distinct from pastel yellow),No,Medium,3,Star,Medium,,,,
BOT-15,WhatsApp Image 2026-05-18 at 12.15.19 AM.jpeg | WhatsApp Image 2026-05-18 at 12.16.15 AM.jpeg,Img 80 (worn waist-down close-up) | Img 81 (worn full-length),Shorts,Chino shorts with rolled/cuffed hem,DAMENSCH (inner waistband label confirmed in Img 82),Dark charcoal / slate grey,—,Solid,Regular,Mid,Above-knee (cuffed hem),Straight,,Structured fabric sits flat; cuffed/rolled hem holds position; minimal movement,"Worn photo (Img 82 waist close-up, Img 83 full-length) — ground truth",Cotton twill / chino,Mid,No,Medium,Smooth,2,"clean, minimal, coastal, street","casual hangout, travel day, beach/Goa, boys night, brunch",,"Summer, All-season",36,Good,Regular,Neutral,Dark charcoal near-neutral; clean high contrast against light brown skin without visual tension,No,High,4,Supporting,Low,,,,
TOP-22,WhatsApp Image 2026-05-18 at 12.16.21 AM (1).jpeg | WhatsApp Image 2026-05-18 at 12.16.26 AM (1).jpeg | WhatsApp Image 2026-05-18 at 12.16.26 AM.jpeg | WhatsApp Image 2026-05-18 at 12.16.27 AM (1).jpeg,"Img 89 (worn front), Img 91 (flat lay, brand label visible) | Img 93 (worn full-length with BOT-10) | Img 94 (worn close-up)",Shirt,Short-sleeve open V-neck band-collar linen shirt (boxy/cropped cut),Zara,Cream / off-white,—,Solid,Relaxed / boxy,,Short-sleeve,Boxy,V-neck open placket (band neck / no traditional collar),Worn photo shows boxy drape across shoulders and torso; light linen fabric drapes softly with natural wrinkling; hem sits at/just above the natural waist (slightly cropped silhouette),Worn photo (Img 89) — ground truth,Linen,Light,No,High,Slubby (linen weave),2,"coastal, minimal, designer-dev, Goa/hippie, artisan, editorial","beach/Goa, brunch, casual hangout, restaurant (casual), date night (casual)",Base / open as outer,"Summer, monsoon, all-season warm",38,Good (natural linen wrinkling),Occasional,Warm,CAUTION - cream/off-white sits close to warm light brown skin tone; risks washing out in soft/warm lighting. Boxy/cropped silhouette also draws attention to the waistline.,YES,Low,3,Both,Low-medium,,,,
TOP-23,WhatsApp Image 2026-05-18 at 12.16.26 AM (2).jpeg,Img 92 (worn close-up),Shirt,Solid mandarin-collar long-sleeve button-up shirt,Unidentified,Bright white,—,Solid,Relaxed (worn reading),,Long-sleeve,Relaxed,Mandarin / band collar,"Worn photo shows relaxed drape; sleeves are full-length, sits comfortably on athletic frame without excess bulk",Worn photo (Img 92),Cotton or cotton-linen blend (visible smooth weave with slight texture),Light-mid,No,High,Smooth weave,3,"minimal, clean, designer-dev, coastal, artisan","office (casual), date night (casual), restaurant, brunch, beach/Goa",Base,"Summer, monsoon, all-season warm",36,Good,Regular,Cool/neutral,Bright white pops well against light brown skin — strong contrast,No,High,4,Both (clean mandarin collar elevates; solid white is versatile),Low-medium,,,,
TOP-24,WhatsApp Image 2026-05-18 at 12.16.28 AM (2).jpeg | WhatsApp Image 2026-05-18 at 12.16.29 AM (1).jpeg | WhatsApp Image 2026-05-18 at 12.16.29 AM.jpeg | WhatsApp Image 2026-05-18 at 12.16.30 AM (1).jpeg,Img 97 (worn close-up) | Img 99 (worn full-length) | Img 100 (worn full-length alt angle) | Img 101 (worn close-up detail),Shirt,Printed mandarin-collar long-sleeve shirt with chest pocket,Unidentified,Cream / off-white,Olive / dark green (print),Abstract serpentine/squiggly pattern (organic dotted swirl motifs across entire garment),Relaxed (worn reading),,Long-sleeve (worn rolled to 3/4),Relaxed,Mandarin / band collar,Worn photos show relaxed drape through torso; sleeves rolled to 3/4 length. Sits comfortably on athletic frame. Hem sits at hip level.,"Worn photo (Img 97, 99, 100, 101) - ground truth",Cotton or cotton-linen blend (visible texture consistent with block-print cotton),Light-mid,No,High,Textured / block-print surface,3,"artisan, designer-dev, maximalist, bold, Goa/hippie, editorial","date night (casual), restaurant, party, brunch, office (creative/casual), beach/Goa",Base,"Summer, monsoon, all-season warm",36,Good,Regular,Warm (cream base + warm olive-green print),Olive-green accents harmonize with warm Indian skin; cream base carries slight wash-out risk but olive pattern provides visual interest and breaks monotony,No,Medium,3,Star (bold all-over print carries outfit identity),Medium-high (dense all-over pattern adds visual weight),,,,
TOP-25,WhatsApp Image 2026-05-18 at 12.16.30 AM.jpeg | WhatsApp Image 2026-05-18 at 12.16.31 AM (1).jpeg | WhatsApp Image 2026-05-18 at 12.16.31 AM (2).jpeg | WhatsApp Image 2026-05-18 at 12.16.33 AM.jpeg,Img 102 (worn full-length) | Img 103 (worn close-up) | Img 104 (worn close-up alt) | Img 108 (flat lay),Shirt,Printed short-sleeve button-up shirt with contrast collar/cuff trim,Unidentified,Charcoal / dark grey,"Cream/off-white (print), yellow/gold (collar and cuff trim)",Large-scale quatrefoil/clover repeat pattern (cream motifs on charcoal base),Relaxed / slightly boxy (worn reading),,Short-sleeve,Relaxed / slightly boxy,Mandarin / band collar with yellow/gold contrast piping,Worn photos show relaxed boxy fit through torso; shirt sits at hip level. The quatrefoil pattern is large-scale and bold. Yellow trim at collar and cuffs adds a pop of color.,Worn photo (Img 102-104) + flat lay (Img 108) - ground truth,Cotton or cotton-viscose blend (smooth print surface suggests screen-print or block-print on cotton),Light-mid,No,Medium-high,Smooth (printed cotton),2-3,"maximalist, bold, artisan, designer-dev, retro, Goa/hippie","party, date night (casual), boys night, brunch, restaurant (casual), beach/Goa",Base,"Summer, monsoon, all-season warm",36,Good,Regular,Neutral (charcoal base) with warm accent (yellow trim),Excellent — charcoal base provides strong contrast against warm Indian skin; cream quatrefoil motifs add visual interest; yellow trim at collar frames the face with a warm pop,No,High,3,Star (bold print + contrast trim makes this a statement piece),High (large-scale pattern + yellow trim add significant visual weight),,,,
TOP-26,WhatsApp Image 2026-05-18 at 12.16.35 AM (1).jpeg | WhatsApp Image 2026-05-18 at 12.16.36 AM (1).jpeg | WhatsApp Image 2026-05-18 at 12.16.37 AM (1).jpeg | WhatsApp Image 2026-05-18 at 12.16.38 AM (1).jpeg | WhatsApp Image 2026-05-18 at 12.16.39 AM (1).jpeg | WhatsApp Image 2026-05-18 at 12.16.39 AM.jpeg | WhatsApp Image 2026-05-18 at 12.16.40 AM (1).jpeg,Img 110 (worn full-length) | Img 111 (worn close-up) | Img 112 (worn buttoned close-up) | Img 113 (worn buttoned wider) | Img 114 (flat lay) | Img 115 (worn open over tee) | Img 116 (flat lay alt angle),Shirt,Heavyweight overshirt / shacket with dual chest pockets,Unidentified,Light grey / stone,—,Solid,Relaxed / oversized (worn reading),,Long-sleeve,Boxy / oversized,Spread collar (point collar),Worn photos show oversized boxy fit; worn open as an outer layer over a white tee. Heavyweight fabric holds its shape. Sits below the hip.,Worn photo (Img 110-111) - ground truth,Heavyweight cotton twill or denim-weight cotton (visible structured weave; fabric holds shape without draping),Heavy,No,Low-medium,Smooth twill weave,3,"workwear, rugged, minimal, designer-dev, Scandi, clean","office (casual), date night (casual), brunch, restaurant, travel day, casual hangout",Outer (worn open over tee or base layer),"Monsoon, winter (Bangalore-calibrated); cooler evenings; travel to cooler climates",25,Good,Regular,Cool/neutral,Good — light grey is a versatile neutral that provides clean contrast against warm Indian skin without competing,No,Medium,4,Both (star as a layering focal point; supporting when paired with bold bottoms),High (heavyweight fabric + oversized silhouette + dual pockets add significant visual weight),,,,
SHO-04,WhatsApp Image 2026-05-18 at 12.17.10 AM (1).jpeg,Img 121 (flat top-down),Shoes,Low-top sneakers,Nike (Air Force 1),Black (all-black),—,Solid,,,,Low-top,,"Classic AF1 silhouette — chunky sole, leather upper, perforated toe box. All-black colorway reads sleek and versatile.",Flat lay (Img 121),Full-grain leather upper,Mid-heavy,No,Low (leather),Smooth leather with perforated toe box,2-3,"street, cosmopolitan, minimal, clean, designer-dev","casual hangout, boys night, date night (casual), party, office (casual), concert",,All-season,32,Worn (visible creasing on leather; some wear on sole edges — well-used but structurally sound),Regular,Neutral,Excellent — all-black is a universally flattering anchor; provides strong contrast against light brown skin from the ground up,No,High,5,Supporting (versatile baseline shoe that grounds any outfit),Medium (chunky AF1 sole adds some visual weight),Low-top leather sneaker,Chunky rubber (Air unit),"Street, casual, smart-casual, cosmopolitan","Works with virtually everything — jeans, chinos, wide-leg trousers, shorts. The all-black reads dressier than white sneakers."
SHO-05,WhatsApp Image 2026-05-18 at 12.17.10 AM.jpeg,Img 122 (flat top-down),Shoes,Slide sandals (dual-buckle),Unidentified (Birkenstock Arizona style — embossed markings on footbed may confirm brand upon physical inspection),Black (all-black),—,Solid,,,,Open-toe slide,,Classic dual-buckle slide sandal with molded contoured footbed. Two wide adjustable straps across the forefoot. All-black colorway reads clean and minimal.,Flat lay (Img 122),Synthetic or leather upper straps; EVA or rubber molded footbed and sole,Light,No,"High (open-toe, open-back)",Smooth straps with matte finish; textured footbed,1-2,"minimal, clean, coastal, casual, Goa/hippie, street","casual hangout, beach/Goa, brunch, home, travel day, boys night (casual)",,"Summer, monsoon, all-season warm",Any (open footwear),Good (appears lightly worn; footbed shows some use but straps and sole are in good shape),Regular (warm weather),Neutral,Good — all-black is universally neutral; does not compete with skin tone from ground level,No,High (against lighter skin at ankle/foot),4,Supporting (casual anchor that grounds warm-weather outfits),Low (minimal footwear),Dual-buckle slide sandal,Flat molded (contoured footbed),"Casual, coastal, minimal, resort, street","Works with shorts, linen trousers, casual wide-leg pants. Not suitable for office or formal occasions. Pairs naturally with the relaxed/coastal pieces in the wardrobe (TOP-06, TOP-10, TOP-20, TOP-22)."
